file,question,answer,answer_start,answer_end
1345136.txt,ใครเป็นผู้ออกตราสารหนี้ภาคเอกชน ไร้ใบตราสาร,ไม่มีการรวมศูนย์อย่างตราสารภาครัฐ แต่ส่วนใหญ่ดำเนินการโดยศูนย์รับฝากหลักทรัพย์ (TSD),7716,7799
1345195.txt,Penny Stock หุ้นเหรียญ มีลักษณะอย่างไร,"*	หุ้นที่มีราคาซื้อขายต่อหน่วยต่ำ (ในสหรัฐฯ คือ ราคาต่ำว่า 5 ดอลลาร์, ในสหราชอาณาจักร United Kingdom คือ ต่ำว่า 1 ปอนด์)",3019,3138
1345200.txt,ราคาต้นงวดคืออะไร,ราคาต้นทุนหรือราคาซื้อ,501,522
1345179.txt,อัตราการใช้สิทธิของ NVDR คือเท่าไหร่,1 : 1 (NVRD : สินทรัพย์อ้างอิง) เสมอ,1012,1047
1345158.txt,หนังสือชี้ชวนส่วนสรุปข้อมูลสำคัญ (Fund Fact Sheet) คืออะไร,เอกสารที่ให้ข้อมูลที่สำคัญกับผู้ลงทุน,1116,1152
1345171.txt,ข้อสัญญา (Covenants) คืออะไร,พันธสัญญาที่ผู้ออกตราสารให้ผู้ลงทุนเพื่อเพิ่มความมั่นใจให้กับผู้ลงทุนมากยิ่งขึ้น,892,971
1345185.txt,XT คืออะไร,ผู้ซื้อหลักทรัพย์จะไม่มีสิทธิได้รับ TSR,1165,1203
1345175.txt,Equity-Linked Product  คืออะไร,ถือเป็นตราสารอนุพันธ์ (Derivative) ประเภทหนึ่ง ที่มีลักษณะเป็นสัญญาที่ให้สิทธิในการซื้อหรือขายตราสารทุนที่อ้างอิง (Underlying Equity) ในระยะเวลาที่กำหนด ดังนั้นผลตอบแทนและมูลค่าของ Equity-Linked Product จึงขึ้นลงตามมูลค่าของตราสารทุนที่อ้างอิง,241,483
1345185.txt,หลักเกณฑ์การขึ้นเครื่องหมาย  SP มีอะไรบ้าง,"*	เมื่อขึ้นเครื่องหมาย H แล้วแต่บริษัทไม่สามารถให้ข้อมูลกับตลาดฯ ได้ในทันที
			*	บริษัทไม่ปฏิบัติตามกฎหมายเกี่ยวกับหลักทรัพย์และตลาดหลักทรัพย์
			*	บริษัทไม่ส่งงบการเงินภายในเวลาที่ตลาดฯ กำหนด
			*	หลักทรัพย์อยู่ระหว่างการพิจารณาเพิกถอนออกจากตลาดฯ
			*	หลักทรัพย์อยู่ระหว่างการพิจารณาให้พ้นจากการเข้าข่ายถูกเพิกถอน
			*	หลักทรัพย์ (เช่น Warrant) จะครบกำหนดสัญญา
			*	มีเหตุการณ์ร้ายแรงที่อาจจะส่งร้ายแรงต่อการซื้อขายหลักทรัพย์",2825,3250
1345158.txt,รายละเอียด เสนอขายกองทุนครั้งแรก (Initial Public Offering: IPO) มีอะไรบ้าง,"*	ต้องแจกจ่ายหนังสือชี้ชวนเพื่อเป็นข้อมูลประกอบการตัดสินใจให้ผู้ลงทุน
			*	ปกติราคาเสนอขายครั้งแรก คือ 10 บาท
			*	ระยะเวลาเสนอขายครั้งแรกต้องไม่น้อยกว่า 2 วัน",1542,1700
1345160.txt,ลักษณะสำคัญของกองทุนรวมสินค้าโภคภัณฑ์ในไทย มีอะไรบ้าง,"-	เป็นกองทุนรวมหน่วยลงทุน ที่นำเงินไปลงทุนในกองทุนรวมสินค้าโภคภัณฑ์ในต่างประเทศ
				-	กองทุนรวมสินค้าโภคภัณฑ์ในต่างประเทศที่เข้าลงทุน ส่วนใหญ่มีนโยบายการบริหารแบบเชิงรับ (Passive Management)",7131,7320
1345138.txt,ผู้ออกตั๋วเงินคลัง คือผู้ใด,กระทรวงการคลัง,2045,2058
1345150.txt,รูปแบบของกระแสเงินสด มีกี่รูปแบบ,3 รูปแบบ,1921,1928
1345158.txt,ประโยชน์ของกองทุนรวมต่อด้านตลาดการเงิน คืออะไร,"*	เพิ่มเครื่องมือการลงทุน
		*	ขยายกลุ่มผู้ลงทุนใหม่ๆ
		*	เกิดการขยายตัวของตลาดการเงิน",3315,3399
1345138.txt,สำนักหักบัญชี ทำหน้าที่อะไร,เป็นคนกลาง (Counter Party) ในการชำระราคาและส่งมอบหลักทรัพย์,3849,3907
1345158.txt,หนังสือชี้ชวนส่วนข้อมูลโครงการ คืออะไร,เอกสารที่มีข้อมูลที่เกี่ยวข้องกับกองทุนรวม,831,872
1345160.txt,Feeder Fund คืออะไร,กองทุนรวมที่เน้นลงทุนในกองทุนรวมใดกองทุนหนึ่ง ≥80%,14133,14182
1345177.txt,อายุของตราสาร ของ Warrant (ไทย) คือเท่าไหร่,2 – 10 ปี,1286,1294
1345191.txt,SETSMART on Internet มีอะไรบ้าง,"*	สำหรับผู้ใช้งานรายย่อย หรือนักศึกษา
			*	ใช้งานผ่าน Internet
			*	มีทั้งแบบให้ข้อมูล 3 ปีย้อนหลัง และ 5 ปี ย้อนหลัง",863,979
1345183.txt,หลักการสำคัญในการคำนวณราคาเปิดและราคาปิด คืออะไร,ต้องเป็นราคาที่ทำให้เกิดปริมาณการซื้อขายสูงสุด,1854,1899
1345142.txt,สมมติฐานการนำดอกเบี้ยรับไปลงทุนต่อ คืออะไร,ผู้ลงทุนจะนำดอกเบี้ยที่ได้รับไปลงทุนต่อ ซึ่งได้อัตราผลตอบแทนเท่ากับอัตราผลตอบแทนของตราสารหนี้เดิม,1047,1143
1345191.txt,SETSMART on Extranet มีอะไรบ้าง,"*	สำหรับผู้ใช้งานองค์กร
			*	ใช้งานผ่านเครือข่าย Extranet ของตลาดหลักทรัพย์ฯ",757,832
1345158.txt,บริหารแบบเชิงรุกมีความเชื่ออย่างไร,ตลาดหลักทรัพย์ไม่มีประสิทธิภาพ,6074,6103
1345160.txt,LTF มีนโยบายการลงทุน อย่างไร,ต้องเป็นกองทุนที่ลงทุนในหุ้นไทย ≥65% ของสินทรัพย์สุทธิของกองทุน,14640,14702
1345154.txt,การซื้อแล้วถือยาว (Buy and Hold Strategy) มีวิธีการอย่างไร,"*	เป็นการซื้อและถือลงทุนระยะยาว
	*	เชื่อว่าการเลือกบริษัทที่ดีแล้วถือยาว จะให้ผลตอบแทนที่ดีกว่าการซื้อขายบ่อยๆ
	อัตราผลตอบแทนจากเงินปันผล (Dividend Yield)  = เงินปันผล / ราคาหุ้น
	อัตราการจ่ายเงินปันผล   (Dividend Payout Ratio)  = เงินปันผล / กำไร",1129,1375
1345201.txt,ความเสี่ยงจากการลงทุนต่อ (Reinvestment risk) มีกี่ระดับ,2 ระดับ,1592,1598
1345158.txt,บริหารแบบเชิงรุก มีวิธีการลงทุนอย่างไร,วิเคราะห์ข้อมูลและตัดสินใจลงทุน,6029,6059
1345173.txt,ตราสารหนี้แบ่งตามสิทธิแฝง มีอะไรบ้าง,"ตราสารหนี้ที่ผู้ออกมีสิทธิไถ่ถอนคืนก่อนครบกำหนด (Callable Bond)
		ตราสารหนี้ที่ผู้ลงทุนมีสิทธิเรียกคืนเงินกู้ก่อนครบกำหนด (Puttable Bond)
		หุ้นกู้แปลงสภาพ (Convertible Bond)",1029,1202
1345195.txt,Mid-cap Stock (หุ้นกลาง) คืออะไร,หุ้นลำดับที่ 51 – 100 ใน ดัชนี SET100 (ดัชนี SET 100 คือ ดัชนีที่ประกอบด้วยหุ้นไทยที่มีขนาดใหญ่ที่สุด 100 บริษัท ที่มีสภาพคล่องในการซื้อขาย),3375,3514
1345160.txt,กองทุนรวมตราสารทุน (Equity Fund) คืออะไร,"เน้นลงทุนในตราสารทุน เช่น หุ้นสามัญ, หุ้นบุริมสิทธิ, ใบสำคัญแสดง โดยจะลงทุน ≥80% ของสินทรัพย์สุทธิของกองทุน",6110,6216
1345183.txt,16.30 – 16.40 น. มีรายละเอียดอย่างไร,Pre-close (ก่อนปิดตลาดบ่าย) ระบบคำนวณราคาเปิดของหลักทรัพย์ช่วงบ่าย จากคำสั่งซื้อขายของนักลงทุน โดยตลาดจะสุ่มเวลาในการปิดตลาด (Random) ในช่วง 16.35 – 16.40 น.,719,875
1345138.txt,ผู้ที่ออกตั๋วแลกเงินและ หุ้นกู้ คือผู้ใด,บริษัทเอกชน,2199,2209
1345173.txt,Floor คืออะไร,การกำหนดอัตราดอกเบี้ยขั้นต่ำ เพื่อให้ผู้ลงทุนใช้ป้องกันความเสี่ยง ไม่ให้อัตราดอกเบี้ยลดลงต่ำกว่าระดับผลตอบแทนขั้นต่ำที่ตนเองต้องการ,4240,4370
1345171.txt,CB คืออะไร,Central Bank Bill พันธบัตรระยะสั้นที่ออกโดยธนาคารแห่งประเทศไทย,1774,1835
1345156.txt,กลยุทธ์การจัดสรรสินทรัพย์ลงทุน (Asset Allocation) คืออะไร,กลยุทธ์การกระจายการลงทุนไปยังกองทุนที่ลงทุนในสินทรัพย์หลากหลายประเภท เพื่อสร้างกลุ่มสินทรัพย์หรือพอร์ตการลงทุนที่เหมาะสมกับผู้ลงทุน,131,261
1345160.txt,กองทุนที่ได้สิทธิประโยชน์ทางภาษีในปัจจุบันมีกองทุนอะไรบ้าง,1. กองทุนรวมหุ้นระยะยาว (Long-term equity fund: LTF)  2. กองทุนรวมเพื่อการเลี้ยงชีพ (Retirement mutual fund: RMF),14384,14496
1345185.txt,NP คืออะไร,บริษัทจดทะเบียนไม่ส่งงบการเงินหรือรายงานตามกำหนด,1627,1674
1345158.txt,ประโยชน์ของกองทุนรวมต่อด้านระบบเศรษฐกิจ คืออะไร,"*	นำเงินลงทุนกระจายสู่ผู้ที่ต้องการเงินทุน
		*	เกิดการขยายกิจการ การจ้างงาน การจับจ่ายใช้สอย
		*	ส่งผลบวกต่อการเติบโต GDP และเศรษฐกิจ",3166,3298
1345150.txt,วิธีคิดลดกระแสเงินสดอิสระของกิจการ (Discounted Free Cash Flow to Firm) คืออะไร,การประเมินมูลค่า โดยการใช้ผลรวมของเงินกระแสเงินสดอิสระของกิจการในอนาคตที่คิดลดด้วยต้นทุนของเงินทุนกิจการ (Weighted Average Cost of Capital : WACC),3365,3510
1345160.txt,เพราะเหตุใดผู้ลงทุนจึงไม่ควรซื้อ LTF และ RMF เกินสิทธิที่ได้รับการลดหย่อนภาษี,เพราะส่วนที่เกินสิทธิจะไม่ได้รับการลดหย่อนภาษี,17954,17999
1345173.txt,ตราสารหนี้ระยะยาว คืออะไร,ตราสารหนี้ที่อายุ >1 ปี,1951,1973
1345160.txt,กองทุนรวมที่มีความเสี่ยงต่างประเทศ คืออะไร,กองทุนรวมที่ลงทุนในต่างประเทศ ≥80%,3314,3347
1345160.txt,ความเสี่ยงของกองทุนอสังหาฯ มีอะไรบ้าง,"-	ความเสี่ยงที่ทำให้รายได้ค่าเช่าและกำไรไม่แน่นอน ซึ่งอาจมาจาก เศรษฐกิจ, ภาวะการแข่งขันของอุตสาหกรรม, ภัยธรรมชาติต่างๆ
				-	ความเสี่ยงด้านสภาพคล่องการซื้อขาย แม้ว่ากองทุนจะจดทะเบียนซื้อขายในตลาดหลักทรัพย์ แต่บางกองทุนก็มีปริมาณการซื้อขายน้อย",8626,8867
1345177.txt,Warrant ความหมายในไทยคืออะไร,เป็นสัญญาที่ให้สิทธิในการจะซื้อหุ้นสามัญอ้างอิง ในระยะเวลาที่กำหนด (ระยะเวลาส่วนใหญี่อยู่ระหว่าง 2 – 10 ปี) โดยผู้ออก Warrant จะเป็นบริษัทที่จดทะเบียนในตลาดหลักทรัพย์นั่นเอง โดยเนื้อหาต่อจากนี้จะกล่าวถึง Warrant ไทยเท่านั้น,361,583
1345138.txt,การพยายามขายให้ดีที่สุด คืออะไร,ผู้จัดจำหน่ายจะพยายามอย่างดีที่ดีสุดเพื่อจำหน่ายตราสารหนี้ให้หมด,3068,3131
1345138.txt,ผู้เกี่ยวข้องกับตราสารหนี้ไทย มีกี่กลุ่ม,5 กลุ่ม,78,84
1345195.txt,สิทธิ์ของผู้ถือหุ้นสามัญ มีอะไรบ้าง,"1.	สิทธิ์การออกเสียงในที่ประชุมผู้ถือหุ้น ในการประชุมผู้ถือหุ้นนั้นมักมีการให้ออกเสียง (Vote) เพื่อตัดสินใจเรื่องที่สำคัญต่อกิจการ เช่น การคัดเลือกผู้บริหารกิจการ, การเข้าซื้อกิจการอื่น, การขายกิจการให้ผู้อื่น การจ่ายเงินปันผล ทั้งนี้หุ้น 1 หุ้น มีค่าเท่ากับเสียง 1 เสียง ดังนั้นผู้ที่ถือหุ้นจำนวนมากจะมีสิทธิ์ในการออกเสียงมากกว่าผู้ที่ถือหุ้นในจำนวนน้อย
		2.	สิทธิ์ในการรับเงินปันผล ซึ่งจำนวนเงินปันผลขึ้นอยู่กับผลประกอบการและนโยบายการจ่ายเงินปันผล
		3.	สิทธิ์ในการจองหุ้นสามัญเพิ่มทุน
		4.	กรณีบริษัทล้มละลายและต้องขายสินทรัพย์เพื่อชำระหนี้ บริษัทจะนำเงินไปจ่ายคืนให้ เจ้าหนี้ (ธนาคารและผู้ถือหุ้นกู้ของบริษัท) ผู้ถือหุ้นบุริสิทธิ และผู้ถือหุ้นสามัญ ตามลำดับ",319,978
1345173.txt,หุ้นกู้แปลงสภาพ (Convertible Bond) คืออะไร,หุ้นกู้ที่ให้สิทธิกับผู้ลงทุนในการแปลงเป็นหุ้นสามัญได้ ซึ่งจะมีกำหนดราคาแปลงสภาพ (Conversion Price) และอัตราส่วนการแปลงสภาพ (Conversion Ratio) หุ้นกู้แปลงสภาพมีลักษณะเสมือน ตราสารหนี้ที่ไม่มีสิทธิแฝง+สิทธิในการแปลงเป็นหุ้นสามัญ ส่งผลให้การเปลี่ยนแปลงของราคาหุ้นสามัญมีผลต่อราคาหุ้นกู้แปลงสภาพ,6940,7231
1345138.txt,หน้าที่ของผู้รับฝากทรัพย์สิน คืออะไร,ดูแลและเก็บรักษาหลักทรัพย์,4295,4320
1345177.txt,อายุของตราสาร ของ DW คือเท่าไหร่,≤ 2 ปี,1262,1267
1345197.txt,ความเสี่ยงที่จะกระทบต่อความต้องการลงทุนในตราสารทุนมีอะไรบ้าง,"1.	สภาพคล่องของหลักทรัพย์ ผู้ลงทุนชอบหลักทรัพย์ที่มีสภาพคล่องสูง เนื่องจากสามารถซื้อขายแลกเปลี่ยนมือได้เร็ว
	2.	อัตราดอกเบี้ย การเพิ่มขึ้นของอัตราดอกเบี้ยทำให้ผู้ลงทุนหันไปลงทุนในตราสารหนี้มากขึ้น
	3.	เงินเฟ้อ เงินเฟ้อที่สูงขึ้น ทำให้ผู้ลงทุนต้องการผลตอบแทนจากการลงทุนที่สูงขึ้น (ต้องการซื้อตราสารทุนในราคาที่ถูกลง) เพื่อชดเชยกับเงินเฟ้อ",1076,1412
1345158.txt,บริหารแบบเชิงรับมีความเชื่ออย่างไร,ตลาดหลักทรัพย์มีประสิทธิภาพ,6369,6395
1345177.txt,อัตราส่วนที่ใช้วิเคราะห์ Warrant (ไทย) มีอะไรบ้าง,เหมือน Call DW,2558,2571
1345171.txt,ลักษณะของสิทธิแฝง (Embedded Option) คืออะไร,ตราสารหนี้บางประเภทอาจมีสิทธิพิเศษบางอย่างติดมาด้วย เช่น สิทธิในการให้ผู้ออกซื้อตราสารหนี้คืนก่อนครบกำหนด,757,861
1345201.txt,ระดับความเสี่ยงของกองทุนรวมตามประเภทสินทรัพย์ มีอะไรบ้าง,"ระดับความเสี่ยงของกองทุนและประเภทสินทรัพย์ที่กองทุนลงทุน จากน้อยไปมาก
	1	กองทุนรวมตลาดเงินที่ลงทุนในประเทศเท่านั้น
	2	กองทุนรวมตลาดเงิน (ลงทุนในต่างประเทศ ≤50% ของมูลค่าทรัพย์สินสุทธิ)
	3	กองทุนรวมพันธบัตร (ลงทุนในพันธบัตร ≥80% ของมูลค่าทรัพย์สินสุทธิ)
	4	กองทุนรวมตราสารหนี้ ที่ลงทุนใน Non-Investment Grade (High Yield Bond) หรือ ตราสารที่ไม่มีการจัดอันดับ (Unrated Bond) ไม่เกิน 20%
	5	กองทุนรวมตราสารหนี้ ที่ลงทุนใน Non-Investment Grade (High Yield Bond) หรือ Unrated Bond 20% ถึง <80% กองทุนรวมผสม (หากมีสัดส่วนตราสารหนี้สูงระดับความเสี่ยงจะโน้มไป 4 หากมีตราสารทุนสูงจะโน้มไป 6)
	6	กองทุนรวมตราสารหนี้ ที่ลงทุนใน Non-Investment Grade (High Yield Bond) หรือ Unrated Bond ≥80% กองทุนรวมตราสารทุน (ลงทุนในตราสารทุน ≥80% ของมูลค่าทรัพย์สินสุทธิ)
	7	กองทุนรวมหมวดอุตสาหกรรม
	8	กองทุนรวมที่ลงทุนในสินทรัพย์ทางเลือก ≥80% ของมูลค่าทรัพย์สินสุทธิ เช่น ทองคำ, น้ำมัน, สินค้าโภคภัณฑ์, REITs, กองทุนโครงสร้างพื้นฐาน, กองทุนรวมอสังหาริมทรัพย์
	8+	กองทุนที่ลงทุนในตราสารอนุพันธ์ (Derivative), การขายล่วงหน้า (Short Selling), ธุรกรรมซื้อคืน (Repo)",2443,3478
1345185.txt,XE คืออะไร,ผู้ซื้อ Warrant จะไม่มีสิทธิในการซื้อสินทรัพย์อ้างอิง,1231,1283
1345160.txt,กองทุนรวมดัชนีกองทุนรวมดัชนี (Index Fund) คืออะไร,เป็นกองทุนที่มีกลยุทธ์การบริหารแบบเชิงรับ (Passive Management) โดยจะลงทุนในหลักทรัพย์ทุกตัวในสัดส่วนที่เท่ากับดัชนี,21020,21134
1345160.txt,ที่มาและวัตถุประสงค์ของ RMF คืออะไร,ส่งเสริมการออมเพื่อการเกษียณ,15982,16009
1345156.txt,เพราะเหตุใดผู้ลงทุนจึงควรทำ Portfolio Rebalancing,เพื่อให้สัดส่วนของแต่ละสินทรัพย์กลับเข้าสู่สมดุล,2348,2395
1345136.txt,ในตลาด TBX ปรับช่วงราคาอย่างไร,ราคาปรับขึ้นลงช่วงละ 0.01,1737,1761
1345185.txt,XM คือออะไร,ผู้ซื้อหลักทรัพย์จะไม่มีสิทธิเข้าร่วมการประชุมผู้ถือหุ้น,1310,1365
1345173.txt,ตราสารหนี้แบ่งตามวิธีคืนเงินต้น มีอะไรบ้าง,"ตราสารหนี้ชนิดคืนเงินต้นครั้งเดียวเมื่อครบกำหนดไถ่ถอน
		ตราสารหนี้ชนิดทยอยคืนเงินต้น (Amortizing Bond)",637,738
1345140.txt,กระทรวงพาณิชย์ ให้ข้อมูลอะไรบ้าง,"*	ให้ข้อมูลเกี่ยวกับเศรษฐกิจการค้า เช่น ราคาสินค้า, อัตราเงินเฟ้อ, ดัชนีความเชื่อมั่น",1596,1680
1345185.txt,XW คืออะไร,ผู้ซื้อหลักทรัพย์จะไม่มีสิทธิได้รับ Warrant,1100,1142
1345158.txt,สูตรการคำนวณ NAV คืออะไร,"NAV = มูลค่าตลาดของสินทรัพย์ทั้งหมด - หนี้สินทั้งหมด
		โดยที่มูลค่าตลาดของสินทรัพย์ทั้งหมด = มูลค่าตลาดของสินทรัพย์ที่ลงทุน + รายได้ค้างรับ + เงินสด",2693,2840
1345171.txt,ILB คืออะไร,Inflation-Linked bond พันธบัตรชดเชยเงินเฟ้อ,1360,1402
1345154.txt,การซื้อหุ้นด้วยจำนวนเงินเท่าๆ กันตามกำหนดเวลาโดยไม่สนใจว่าราคาจะเป็นเท่าไร เป็นกลยุทธ์การลงทุนแบบใด,การลงทุนแบบถัวเฉลี่ยต้นทุน (Dollar-Cost Averaging: DCA),2493,2547
1345173.txt,ตราสารหนี้ที่จ่ายดอกเบี้ยคงที่ คืออะไร,ตราสารหนี้ที่มีกำหนดอัตราดอกเบี้ยแน่นอน,3228,3266
1345195.txt,Mega-cap Stock คืออะไร,"หุ้นที่มีมูลค่าตลาด >200,000 ล้านดอลลาร์",3632,3671
1345173.txt,ตราสารหนี้แบ่งตามอายุของตราสาร มีอะไรบ้าง,"ตราสารหนี้ระยะสั้น (อายุ ≤1 ปี)
		ตราสารหนี้ระยะยาว (อายุ >1 ปี)
		ตราสารหนี้ที่ไม่กำหนดอายุไถ่ถอน",154,251
1345154.txt,การลงทุนที่ลงทุนในหุ้นที่มีราคาต่ำกว่ามูลค่าที่แท้จริง เป็นกลยุทธ์การลงทุนแบบใด,การลงทุนแบบเน้นคุณค่า (Value Investing),62,100
1345200.txt,ราคาต้นทุน คืออะไร,ราคาที่รวมค่าใช้จ่ายในการซื้อหลักทรัพย์,542,580
1345160.txt,LTF มีการจ่ายปันผลอย่างไร,มีทั้งกองทุนที่ไม่จ่ายเงินปันผลและจ่ายเงินปันผล (จ่ายปันผลได้ไม่เกิน 30% ของกำไรสะสม),14721,14805
1345150.txt,Cash Flow Based Approach (Income Based Approach) คืออะไร,เป็นวิธีการประเมินมูลค่าแท้จริงซึ่งนำหลักการมูลค่าเงินตามเวลา (Time Value of Money) มาใช้,1397,1485
1345179.txt,ประโยชน์ของ NVDR คืออะไร,"1.	เป็นช่องทางการลงทุนของต่างชาติ (ทั้งนักลงทุนบุคคล และสถาบัน) โดยไม่ติด Foreign Limit
	2.	เพิ่มสภาพคล่องหลักทรัพย์",1205,1320
1345160.txt,ที่มาและวัตถุประสงค์ ของ LTF คืออะไร,สร้างเสถียรภาพให้ตลาดหุ้นไทย (เนื่องจากเดิมนักลงทุนมักเก็งกำไรในหุ้น โดยการซื้อ/ขาย สั้นๆ),14530,14619
1345195.txt,Defensive Stock หุ้นตั้งรับ มีลักษณะอย่างไร,"*	เป็นหุ้นที่มีราคาไม่ค่อยขึ้นลงตามเศรษฐกิจ
				*	ราคาหุ้นมักลงน้อย ในภาวะที่เศรษฐกิจไม่ดี
				*	เป็นหุ้นของบริษัทที่ขายสินค้าจำเป็น เช่น สาธารณูปโภค, อาหารและเครื่องดื่ม, ยารักษาโรค",2412,2593
1345148.txt,ประเมินมูลค่าหุ้น คืออะไร,การหามูลค่าที่แท้จริง (Intrinsic Value) ของหุ้นเพื่อใช้ในการตัดสินใจลงทุน (สำหรับผู้ลงทุน) และใช้ในประกอบการกำหนดราคาออกขายหลักทรัพย์ (สำหรับผู้ออกตราสารทุน) โดยที่ผู้ลงทุนสามารถตัดสินใจลงทุนได้,66,259
1345138.txt,ผู้ลงทุนสถาบัน ตามประกาศของ ก.ล.ต. มีอะไรบ้าง,"	1)	ธนาคารแห่งประเทศไทย
		2)	ธนาคารพาณิชย์
		3)	ธนาคารที่มีกฎหมายเฉพาะจัดตั้งขึ้น
		4)	บริษัทเงินทุน
		5)	บริษัทเครดิตฟองซิเอร์
		6)	บริษัทหลักทรัพย์
		7)	บริษัทประกันวินาศภัย
		8)	บริษัทประกันชีวิต
		9)	กองทุนรวม
		10)	กองทุนส่วนบุคคล
		11)	กองทุนสำรองเลี้ยงชีพ
		12)	กองทุนบำเหน็จบำนาญข้าราชการ
		13)	กองทุนประกันสังคม
		14)	กองทุนการออมแห่งชาติ
		15)	กองทุนเพื่อการฟื้นฟูและพัฒนาระบบสถาบันการเงิน
		16)	ผู้ประกอบธุรกิจสัญญาซื้อขายล่วงหน้า
		17)	ผู้ประกอบธุรกิจการซื้อขายล่วงหน้าสินค้าเกษตร
		18)	สถาบันการเงินระหว่างประเทศ
		19)	สถาบันคุ้มครองเงินฝาก
		20)	ตลาดหลักทรัพย์แห่งประเทศไทย
		21)	นิติบุคคลประเภทบรรษัท
		22)	นิติบุคคลซึ่งมีบุคคลตาม (1) ถึง (21) ถือหุ้นรวมกัน >75% ของจำนวนหุ้นที่มีสิทธิออกเสียงทั้งหมด
		23)	ผู้ลงทุนต่างประเทศซึ่งมีลักษณะตาม (1) ถึง (22)
		24)	ผู้จัดการกองทุน และผู้จัดการลงทุนในสัญญาซื้อขายล่วงหน้า
		25)	ผู้ลงทุนอื่นใดตามที่สำนักงานประกาศกำหนด",1137,2012
1345144.txt,อัตราผลตอบแทนถึงวันไถ่ถอนก่อนกำหนดจากผู้ออก คืออะไร,อัตราผลตอบแทนที่ผู้ลงทุนจะได้รับหากซื้อตราสารหนี้และถือจนถึงวันที่ผู้ออกตราสารใช้สิทธิซื้อตราสารหนี้คืน,2164,2266
1345158.txt,สูตรการคำนวณ NAV per unit คืออะไร,NAV per unit = NAV / จำนวนหน่วยของกองทุน,2937,2976
1345158.txt,บริหารแบบเชิงรุกมีเป้าหมายการลงทุนคืออะไร,สร้างผลตอบแทนสูงกว่าตลาด,5988,6011
1345138.txt,หน้าที่ของกระทรวงการคลัง คืออะไร,ควบคุมระบบการเงินทั้งระบบ,4915,4939
1345158.txt,บริหารแบบเชิงรับ มีวิธีการลงทุนอย่างไร,ลงทุนตามหลักทรัพย์ในตลาด,6331,6354
1345138.txt,สมาคมตราสารหนี้ไทย มีหน้าที่อะไร,"1)	กำกับดูแลผู้ค้าตราสารหนี้ ให้ปฏิบัติตามข้อบังคับและจรรยาบรรณ
		2)	เป็นศูนย์กลางเผยแพร่ข้อมูลตราสารหนี้ของประเทศ เช่น ข้อมูลการซื้อขาย, การขึ้นทะเบียนตราสารหนี้, มูลค่ายุติธรรมของตราสารหนี้, Yield Curve ของพันธบัตร, ดัชนีตราสารหนี้
		3)	กำหนดมาตรฐานการซื้อขายและแนวทางปฏิบัติในตลาดรองของตราสารหนี้ เช่น สัญลักษณ์ตราสารหนี้
		4)	ให้ความรู้และพัฒนาตลาดตราสารหนี้",5695,6056
1345150.txt,Liquidation Value (มูลค่าที่ขายทอดตลาดได้) คืออะไร,วิธีนี้จะปรับสินทรัพย์ให้เป็นมูลค่าที่คิดว่าจะขายได้หากเลิกกิจการและหักด้วยหนี้สิน โดย Liquidation Value จะไม่รวมสินทรัพย์ที่ไม่มีตัวตน และเป็นวิธีที่มักใช้ประเมินมูลค่าบริษัทที่กำลังจะล้มละลาย,1149,1341
1345197.txt,แหล่งที่มาของเงินทุนในการทำธุรกิจโดยทั่วไปมาจากแหล่งใด,1. เงินทุนเจ้าของและกำไรสะสม 2. การกู้ยืม,620,660
1345150.txt,การประเมินมูลค่า มีกี่ขั้นตอน,3 ขั้นตอน,1653,1661
1345150.txt,อัตราคิดลดคืออะไร,อัตราที่ผู้ลงทุนใช้ในการคิดลดกระแสเงินสดในอนาคต ให้อยู่ในรูปของมูลค่าปัจจุบัน โดยอัตราคิดลดที่สูงจะทำให้มูลค่าแท้จริงของหุ้นลดลง,5311,5438
1345154.txt,การลงทุนแบบสวนตลาด (Contrarian Investing Strategy) มีวิธีการลงทุนอย่างไร,"*	เป็นการลงทุนในทิศทางที่ตรงข้ามกับคนส่วนใหญ่
	*	เป็นการลงทุนโดยดูความรู้สึก (Sentiment) ของคนส่วนใหญ่ เช่น การซื้อในขณะที่ผู้ลงทุนส่วนใหญ่กำลังขายเนื่องความกังวลจากข่าวร้ายต่างๆ",2308,2485
1345169.txt,สาเหตุของการระดมทุนด้วยตราสารหนี้ของภาครัฐและรัฐวิสาหกิจ คืออะไร,"*	ภาครัฐไม่สามารถระดมทุนด้วยการออกตราสารทุนได้
	*	กู้เงินมาเพื่อทำโครงการใหญ่ เช่น รถไฟฟ้า
	*	สร้างความสมดุลของรายได้กับรายจ่าย เนื่องจากรายได้ไม่เพียงพอที่จะนำมาทำโครงการขนาดใหญ่
	*	ดอกเบี้ยการกู้ต่ำ เนื่องจากตราสารหนี้ที่ออกโดยรัฐบาลถือว่ามีความน่าเชื่อถือสูงสุดในประเทศ และปราศจากความเสี่ยงในการผิดนัดชำระหนี้",425,736
1345185.txt,XB คืออะไร,ผู้ซื้อหลักทรัพย์จะไม่มีสิทธิจองซื้อหุ้นออกใหม่,1490,1536
1345173.txt,ราคาหุ้นสามัญลดลงรุนแรงเนื่องจากบริษัทมีความเสี่ยงที่จะล้มละลาย ส่งผลอย่างไรกับหุ้นกู้แปลงสภาพ,ราคาหุ้นกู้แปลงสภาพลดลงรุนแรงเนื่องจากความกังวลว่าบริษัทจะไม่สามารถชำระหนี้คืนได้,7658,7738
1345160.txt,RMF มีการจ่ายปันผลอย่างไร,ไม่จ่ายปันผล (การจ่ายเงินปันผลจะทำให้มูลค่าเงินลงทุนลดลง ส่งผลให้ผู้ลงทุนมีเงินเพื่อการเกษียณลดลง),16084,16181
1345150.txt,วิธีคิดลดเงินปันผล (Dividend Discount Model :DDM) คืออะไร,การประเมินมูลค่า โดยการใช้ผลรวมของเงินปันผลในอนาคต มาคิดลดด้วยอัตราผลตอบแทนขั้นต่ำที่ต้องการจากการลงทุนในหุ้น (k),2063,2175
1345156.txt,การกำหนดสัดส่วนสินทรัพย์เชิงกลยุทธ์ (Strategic Asset Allocation: SAA) คืออะไร,การกำหนดสัดส่วนการลงทุนในแต่ละสินทรัพย์ที่ตั้งใจจะลงทุนในระยะยาว,485,548
1345160.txt,กองทุนรวมที่มีความเสี่ยงทั้งในและต่างประเทศ คืออะไร,กองทุนที่ลงทุนทั้งในและต่างประเทศ,4043,4075
1345185.txt,XR คืออะไร,ผู้ซื้อหลักทรัพย์จะไม่มีสิทธิจองซื้อหุ้นเพิ่มทุน,1025,1072
1345138.txt,หน้าที่ของสถาบันจัดอันดับความน่าเชื่อถือ คืออะไร,เป็นผู้ประเมินอันดับความน่าเชื่อถือของหุ้นกู้ และผู้ออกหุ้นกู้,3726,3787
1345200.txt,ผลตอบแทนของกองทุนรวมมีอะไรบ้าง,1. ผลตอบแทนจากส่วนต่างราคา (Capital gain)  2. เงินปันผล (Dividend),90,155
1345185.txt,XN คืออะไร,ผู้ซื้อหลักทรัพย์จะไม่มีสิทธิรับเงินคืนจากการลดทุนจดทะเบียน,1399,1457
1345160.txt,ลักษณะสำคัญของกองทุนเปิด คืออะไร,การซื้อขายหลังจาก IPO ของผู้ลงทุนจะเป็นการซื้อขายกับ บลจ. (อาจใช้ช่องทางผ่าน บลจ. ตรง หรือผ่านตัวแทนสนับสนุนขาย) และเมื่อมีการซื้อขายหน่วยลงทุนก็จะเปลี่ยนแปลง,2549,2706
1345156.txt,Market timing (การจับจังหวะลงทุน) คืออะไร,การตัดสินใจซื้อ/ขาย โดยการคาดแนวโน้มของสิ่งที่จะลงทุนในอนาคต,3191,3250
1345183.txt,16.40 – 17.00 น. มีรายละเอียดอย่างไร,Off-hour trading (ช่วงซื้อขายนอกเวลา) ปิดรับคำสั่งซื้อขายทั่วไป แต่เปิดให้สามารถซื้อขายนอกเวลาด้วยวิธี Trade report เท่านั้น,895,1018
1345171.txt,BOT คืออะไร,Bank of Thailand ธนาคารแห่งประเทศไทย,1277,1312
1345140.txt,กระทรวงการคลัง ให้ข้อมูลอะไรบ้าง,"*	ให้ข้อมูลด้านเศรษฐกิจ, ดุลการคลัง, หนี้สาธารณะ, แผนยุทธศาสตร์กระทรวงการคลัง",1394,1470
1345140.txt,ธนาคารแห่งประเทศไทย ให้ข้อมูลอะไรบ้าง,"*	ให้ข้อมูลด้านเศรษฐกิจทั้งในและต่างประเทศ
	*	ให้ข้อมูลเกี่ยวกับตลาดการเงิน, ตลาดตราสารหนี้, การประมูลตราสารหนี้, การออกและจัดจำหน่ายตราสารหนี้ภาครัฐ
	*	ตรวจสอบผลการประมูลตราสารหนี้ภาครัฐ",1185,1371
1345179.txt,สิทธิประโยชน์ทางภาษีของผู้ถือ NVDR ที่ผู้ลงทุนเป็นบุคคลธรรมดา คืออะไร,"-	อยู่ในไทย ≥180 ในปีภาษี ยกเว้นภาษี เงินได้จากปันผล เลือกได้ระหว่าง หัก ณ ที่จ่าย 10% กับนำปันผลไปรวมคำนวณภาษี
			-	อยู่ในไทย <180 ในปีภาษี ยกเว้นภาษี เงินได้จากปันผล หัก ณ ที่จ่าย 10%",1906,2090
1345138.txt,ที่ปรึกษาทางการเงิน ทำหน้าที่อะไร,เป็นที่ปรึกษาให้กับผู้ที่ต้องการออกตราสารหนี้ในตลาดแรก ในเรื่องต่างๆ,2568,2635
1345150.txt,วิธีคิดลดกระแสเงินสดอิสระของผู้ถือหุ้น (Discounted Free Cash Flow to Equity) คืออะไร,เป็นการประเมินมูลค่า โดยการใช้ผลรวมของเงินกระแสเงินสดอิสระของผู้ถือหุ้นในอนาคตที่คิดลดด้วยต้นทุนของของส่วนของเจ้าของ (Cost of Equity),4121,4253
1345138.txt,หน้าที่ของนายทะเบียน คืออะไร,"เก็บข้อมูลต่างๆ เกี่ยวกับตราสารหนี้ เช่น จำนวนตราสารหนี้, ผู้ถือครองของตราสารหนี้, การโอน, การจ่ายดอกเบี้ย",3941,4046
1345177.txt,วัตถุประสงค์การออก Warrant (ไทย) คืออะไร,ระดมทุน,1968,1974
1345156.txt,Combined Method (ผสม) คืออะไร,เป็นวิธีที่ผสมระหว่าง Market timing และ DCA,3935,3977
1345160.txt,สิทธิทางภาษีของ RMF คืออะไร,"ลดหย่อนเงินได้ที่ใช้ในการคำนวณภาษี ได้เท่ากับมูลค่าเงินลงทุนจริง แต่ไม่เกิน 15% ของเงินได้ในแต่ละปี และไม่เกิน 500,000 บาท เมื่อรวมกับกองทุนบำเหน็จบำนาญข้าราชการ (กบข.)1 กองทุนสำรองเลี้ยงชีพ (Provident Fund)1 และประกันชีวิตแบบบำนาญ",16200,16430
1345160.txt,กองทุนรวมที่กำหนดระยะเวลาลงทุน (Term Fund) คืออะไร,กองทุนรวมที่ลงทุนในตราสารหนี้ (ลงทุนได้ทั้งในและต่างประเทศ) ที่มีกำหนดระยะเวลาและมีการคาดการณ์ผลตอบแทนการลงทุนชัดเจน ทั้งนี้ผู้ลงทุนไม่สามารถขายกองทุนก่อนครบกำหนดเวลา,23822,23987
1345177.txt,Warrant (ไทย) ต้องมีผู้ดูแลสภาพคล่องหรือไม่,ไม่ต้องมี,1891,1899
1345156.txt,กลยุทธ์ที่เลือกกองทุนแบบ Passive เป็นส่วนใหญ่ และ ส่วนที่เหลือจะเลือกกองทุนแบบ Active คือกลยุทธ์อะไร,กลยุทธ์ที่ลงทุนในกองทุนหลักและบริวาร (Core & Satellite),1040,1094
1345150.txt,ขั้นตอนการคำนวณการประเมินมูลค่าด้วยวิธีคิดลดเงินปันผล มีกี่ขั้นตอน,3 ขั้นตอน,2242,2250
1345173.txt,ตราสารหนี้แบ่งตามผู้ออกตราสาร มีอะไรบ้าง,"ตราสารหนี้ภาครัฐ
		ตราสารหนี้ภาคเอกชน",276,312
1345136.txt,เวลาการซื้อขายในตลาด TBX คือช่วงเวลาใดบ้าง,ช่วงเช้า 10.00 ถึง 12.30  ช่วงบ่าย 14.30 ถึง 16.30,1284,1333
1345177.txt,Warrant (ไทย) มีภาษีเมื่อมีการส่งมอบหรือไม่,ไม่มีภาษี,2028,2036
1345195.txt,Small-cap Stock คืออะไร,"หุ้นที่มีมูลค่าตลาด 300 – 2,000 ล้านดอลลาร์",3833,3875
1345200.txt,ราคาของกองทุน คืออะไร,NAV per unit (มูลค่าสินทรัพย์สุทธิต่อหน่วย),390,432
1345142.txt,การประเมินมูลค่าตราสารหนี้ที่ไม่จ่ายดอกเบี้ย ทำอย่างไร,คิดลดเฉพาะส่วนของมูลค่าหน้าตั๋ว (Face Value / Par Value) โดยสูตรการประเมินมูลค่า Zero Coupon Bond,830,926
1345195.txt,Speculative Stock หุ้นเก็งกำไร มีลักษณะอย่างไร,"*	เป็นหุ้นของบริษัทใหม่หรือบริษัทขนาดเล็ก
				*	งบการเงินในอดีตมักขาดทุน
				*	บริษัทมีแผนธุรกิจหรือมีข่าวที่ทำให้ผู้ลงทุนเชื่อว่าธุรกิจจะเติบโตได้ในอนาคต",2830,2983
1345195.txt,Income Stock / Dividend Stock หุ้นปันผล มีลักษณะอย่างไร,"*	หุ้นที่จ่ายปันผลได้สูงและสม่ำเสมอ มักถูกเรียกว่า ”หุ้นปันผล”
				*	จ่ายได้สม่ำเสมอเนื่องจากบริษัทมีกำไรที่มีเสถียรภาพ
				*	อัตราผลตอบแทนจากปันผลสูง (Dividend Yield) เนื่องจากนำกำไรส่วนใหญ่ที่ได้มาจ่ายปันผล",2164,2371
1345136.txt,ใครเป็นผู้ออกตราสารหนี้ภาคเอกชน มีใบตราสาร,นายทะเบียนของตราสารหนี้รุ่นนั้น,7867,7897
1345154.txt,การลงทุนแบบเน้นคุณค่า (Value Investing) มีวิธีการอย่างไร,"*	ลงทุนในหุ้นที่มีราคาต่ำกว่ามูลค่าที่แท้จริง (Intrinsic Value)
	*	หุ้นที่ลงทุนมักมี PE, PB, ต่ำกว่าค่าเฉลี่ยของอุตสาหกรรม หรือ ต่ำกว่าค่าเฉลี่ยของกิจการที่ทำธุรกิจคล้ายคลึงกัน ขณะที่อัตราผลตอบแทนจากเงินปันผล (Dividend Yield) (อัตราผลตอบแทนจากเงินปันผล ≠ อัตราการจ่ายเงินปันผล) สูง",103,383
1345169.txt,สาเหตุของการระดมทุนด้วยตราสารหนี้ของภาคเอกชน คืออะไร,"*	กู้เงินมาเพื่อทำโครงการต่างๆ
	*	ต้นทุนต่ำกว่าการกู้จากธนาคาร และการออกหุ้นสามัญ (ต้นทุนของตราสารทุนสูงกว่าตราสารหนี้ เนื่องจากบริษัทผู้ออกตราสารทุนต้องแบ่งความเป็นเจ้าของ (ให้หุ้น) รวมถึงจ่ายเงินปันผลให้ผู้ลงทุน และเนื่องจากตราสารทุนมีความเสี่ยงสูงกว่าตราสารหนี้ ผู้ลงทุนจึงต้องการผลตอบแทนจากตราสารทุนสูงกว่าตราสารหนี้)
	*	ลดภาษี เนื่องจากดอกเบี้ยตราสารหนี้ถือเป็นค่าใช้จ่ายของบริษัท ส่งผลให้กำไรและภาษีลดลง",748,1156
1345138.txt,คณะกรรมการกำหนดนโยบายการเงิน (กนง.) มีกี่คน ใครบ้าง,7 คน เป็นผู้บริหารของ ธปท. 3 คน และบุคคลภายนอก 4 คน,5272,5322
1345173.txt,ตราสารหนี้แบ่งตามลักษณะการถือ มีอะไรบ้าง,"ตราสารหนี้แบบมีใบตราสาร (Scrip)
		ตราสารหนี้แบบไม่มีใบตราสาร (Scripless)",337,408
1345140.txt,สำนักงานบริหารหนี้สาธารณะ ให้ข้อมูลอะไรบ้าง,"*	ให้ข้อมูลเกี่ยวกับแผนการบริหารหนี้
	*	การประมูลตราสารหนี้รัฐวิสาหกิจ
	*	ผลการประมูลตราสารหนี้ภาครัฐ และรัฐวิสาหกิจ",1714,1829
1345187.txt,หลักเกณฑ์ในการเปิดบัญชีซื้อขายหลักทรัพย์ ทำอย่างไร,บริษัทหลักทรัพย์มีหน้าที่กำหนดขั้นตอน พิจารณาคำขอเปิดบัญชี รวมถึงทำสัญญาเป็นลายลักษณ์อักษรกับลูกค้า รวมถึงต้องมีกระบวนการตรวจสอบว่าลูกค้าจริงเป็นบุคคลเดียวกับข้อมูลในเอกสาร,107,278
1345188.txt,ใช้เจ้าหน้าที่วิเคราะห์ข้อมูลการซื้อขายอย่างไร,"*	แหล่งที่มาของข้อมูล มาจากข้อร้องเรียนของผู้ลงทุน, มาจากการวิเคราะห์ลักษณะการซื้อขายของเจ้าหน้าที่วิเคราะห์
			*	การตรวจสอบพฤติกรรม เมื่อพบข้อสงสัย เจ้าหน้าที่จะตรวจสอบลักษณะการซื้อขาย เช่น  คำสั่งซื้อขายมาจาก บล. ใด, ใครเป็นผู้ส่งคำสั่งซื้อขาย, มีข้อมูลใดที่เป็นประโยชน์กับผู้ส่งคำสั่งหรือไม่ (เช่น ใช้ประโยชน์จากข้อมูลภายในหรือไม่)",2170,2503
1345179.txt,NVRD อ้างอิงกับหลักทรัพย์ประเภทใดได้บ้าง,"1)	หุ้นสามัญ
		2)	หุ้นบุริมสิทธิ
		3)	ตราสารหนี้ (พันธบัตร, หุ้นกู้)
		4)	Warrant
		5)	TSR",892,981
1345201.txt,ความเสี่ยงจากอัตราแลกเปลี่ยน (Exchange rate risk / Currency risk) คืออะไร,เกิดขึ้นเมื่อกองทุนนำเงินไปลงทุนในสินทรัพย์ด้วยสกุลเงินต่างประเทศ (การลงทุนในหลักทรัพย์ต่างประเทศในด้วยสกุลเงินในประเทศ จะไม่มีความเสี่ยงด้านอัตราแลกเปลี่ยน),1992,2148
1345144.txt,การคำนวณ YTC และ YTM แต่มีจุดต่างกัน กี่จุด,2 จุด,2386,2390
1345177.txt,Warrant ความหมายโดยสากลคืออะไร,Option (ออปชั่น) ประเภทหนึ่ง ที่มีลักษณะเป็นสัญญาที่ให้สิทธิในการซื้อหรือขายสินทรัพย์อ้างอิง (Underlying Asset) ในระยะเวลาที่กำหนด เช่นเดียวกับ DW โดย Warrant ส่วนใหญ่จะอ้างอิงกับหุ้นสามัญ,146,333
1345183.txt,เวลาในการซื้อขายหลักทรัพย์ มีรายละเอียดอย่างไร,"9.30 – 10.00 น.	Pre-opening I (ก่อนเปิดตลาดเช้า) ระบบคำนวณราคาเปิดของหลักทรัพย์ช่วงเช้า จากคำสั่งซื้อขายของนักลงทุน โดยตลาดจะสุ่มเวลาในการเปิดตลาด (Random) ในช่วง 9.55 – 10.00 น.
	10.00 – 12.30 น.	Trading Session I (ซื้อ-ขาย ช่วงเช้า) ตลาดเปิดซื้อขายช่วงเช้า
	12.30 – 14.00 น.	พักการซื้อขาย คือ พักการซื้อขายระหว่างวัน
	14.00 – 14.30 น.	Pre-opening II (ก่อนเปิดตลาดบ่าย) ระบบคำนวณราคาเปิดของหลักทรัพย์ช่วงบ่าย จากคำสั่งซื้อขายของนักลงทุน โดยตลาดจะสุ่มเวลาในการเปิดตลาด (Random) ในช่วง 14.25 – 14.30 น.
	14.30 – 16.30 น.	Trading Session II ซื้อ-ขาย ช่วงบ่าย ตลาดเปิดซื้อขายช่วงบ่าย
	16.30 – 16.40 น.	Pre-close (ก่อนปิดตลาดบ่าย) ระบบคำนวณราคาเปิดของหลักทรัพย์ช่วงบ่าย จากคำสั่งซื้อขายของนักลงทุน โดยตลาดจะสุ่มเวลาในการปิดตลาด (Random) ในช่วง 16.35 – 16.40 น.
	16.40 – 17.00 น.	Off-hour trading (ช่วงซื้อขายนอกเวลา) ปิดรับคำสั่งซื้อขายทั่วไป แต่เปิดให้สามารถซื้อขายนอกเวลาด้วยวิธี Trade report เท่านั้น",120,1018
1345179.txt,ผลตอบแทนและความเสี่ยงของ NVDR คืออะไร,มีผลตอบแทนและความเสี่ยงเหมือนหลักทรัพย์อ้างอิง,1405,1450
1345171.txt,วันครบกำหนดไถ่ถอน (Maturity Date) คืออะไร,วันที่ครบกำหนดของตราสารหนี้,614,640
1345179.txt,สิทธิประโยชน์ทางภาษีของผู้ถือ NVDR ที่ผู้ลงทุนเป็นนิติบุคลที่จัดตั้งขึ้นตามกฎหมายต่างประเทศ คืออะไร,"-	ที่ประกอบกิจการในไทย รวมเป็นเงินได้ของกิจการ เงินได้จากปันผล รวมเป็นเงินได้ของกิจการ
			-	ที่ประกอบกิจการในต่างประเทศ เสียภาษี 15% เงินได้จากปันผล หัก ณ ที่จ่าย 10%",2154,2319
1345154.txt,การจับคู่หุ้น (Pairs Trading) มีวิธีการอย่างไร,"*	เป็นการซื้อและขายล่วงหน้า (Short Selling) หุ้น 2 บริษัท ที่โดยปกติแล้วจะมีค่าสัมประสิทธิ์สหสัมพันธ์ (Correlation Coefficient : Corr) สูง (ค่าสัมประสิทธิ์สหสัมพันธ์ สูง หมายถึง ลักษณะของผลตอบแทนของหุ้นทั้ง 2 บริษัท มีการเคลื่อนที่ไปในทิศทางเดียวกันอย่างมาก)
	*	กลยุทธ์จับคู่หุ้น จะใช้เมื่อทิศทางของหุ้นทั้ง 2 บริษัท มีความผิดปกติ เช่น หุ้นหนึ่งขึ้นแต่อีกตัวกลับลง ผู้ใช้กลยุทธ์นี้จะขายล่วงหน้าหุ้นที่ขึ้นและซื้อหุ้นที่ลง เนื่องจากเชื่อว่าทิศทางของผลตอบแทนจะกลับเข้าหากันในระยะยาว",1769,2248
1345154.txt,การหยุดความเสียหาย (Stop Loss) มีวิธีการอย่างไร,*	เป็นการลงทุนที่มีการตั้งจุดตัดขาดทุน เพื่อไม่ให้เกิดความเสียหายมากกว่าที่กำหนด เช่น การตั้งจุดขาดทุนที่ -5% หรือ -10%,1612,1730
1345160.txt,แบ่งประเภทกองทุนรวมตามนโยบายการจ่ายผลตอบแทน มีอะไรบ้าง,"1)	กองทุนที่จ่ายปันผล
		2)	กองทุนที่ไม่จ่ายปันผล
		3)	กองทุนที่ขายคืนอัตโนมัติ (Auto Redemption)",451,546
1345185.txt,ST คืออะไร,บริษัทจดทะเบียนมีการซื้อหลักทรัพย์เพื่อส่งมอบหลักทรัพย์ที่จัดสรรเกิน,1952,2019
1345160.txt,แบ่งประเภทกองทุนรวมตามนโยบายการลงทุน มีอะไรบ้าง,"1)	กองทุนรวมตราสารหนี้ (Fixed income Fund)
		2)	กองทุนรวมตราสารทุน (Equity Fund)
		3)	กองทุนรวมสินทรัพย์ทางเลือก (Alternative Investment Fund)
		4)	กองทุนรวมผสม (Mixed Fund)",576,748
1345177.txt,รูปแบบการใช้สิทธิของ DW คืออะไร,European,1199,1206
1345171.txt,LB คืออะไร,Loan Bond พันธบัตรรัฐบาล,1324,1347
1345195.txt,ประเภทของหุ้นบุริมสิทธิ มีอะไรบ้าง,"1)	หุ้นบุริมสิทธิชนิดสะสม กรณีที่บางปีบริษัทไม่สามารถจ่ายเงินปันผลได้ เงินปันผลที่จ่ายไม่ได้นี้จะถูกสะสมไว้ และไปจ่ายพร้อมกับงวดหน้า เช่น หุ้นบุริมสิทธิ ราคา 1,000 บาท อัตราการปันผล 10% ต่อปี และไม่ได้จ่ายปันผลมา 3 ปี ดังนั้นในปีที่ 4 ต้องจ่ายปันผลเป็นจำนวน (1,000 x 10%) x 4 = 400 บาท (เป็นปันผลที่ถูกสะสมมา 300 บาท และงวดปัจจุบัน 100 บาท)
		2)	หุ้นบุริมสิทธิชนิดไม่สะสม ไม่มีการสะสมเงินปันผลงวดที่จ่ายไม่ได้
		3)	หุ้นบุริมสิทธิชนิดร่วมรับ ผู้ลงทุนจะได้ปันผลจากหุ้นบุริมสิทธิบวกกับปันผลส่วนเพิ่มโดยมีเงื่อนไข เช่น ได้เงินปันผลส่วนเพิ่มในกรณีที่ปันผลของหุ้นสามัญสูงกว่าปันผลของหุ้นบุริมสิทธิ
		4)	หุ้นบุริมสิทธิชนิดสามารถไถ่ถอนคืนได้ ผู้ออกหุ้นบุริมสิทธิมีสิทธิในการซื้อหุ้นบุริมสิทธิคืนในราคาที่ผู้ออกกำหนดไว้ในวันที่ออกหุ้นบุริมสิทธิได้ ซึ่งจะเห็นได้ว่าผู้ลงทุนจะเสียเปรียบ เนื่องจากหากราคาหุ้นบุริมสิทธิสูงขึ้นกว่าราคาที่กำหนดไว้ผู้ออกอาจใช้สิทธิซื้อหุ้นบุริมสิทธิคืน
		5)	หุ้นบุริมสิทธิชนิดมีกองทุนเพื่อไถ่ถอน ผู้ออกหุ้นบุริมสิทธิต้องทยอยเก็บสะสมเงินเพื่อนำมาซื้อหุ้นบุริมสิทธิคืนจากผู้ลงทุน
		6)	หุ้นบุริมสิทธิชนิดแปลงสภาพได้ เป็นหุ้นบุริมสิทธิที่ให้สิทธิกับผู้ลงทุน ในการแปลงหุ้นบุริมสิทธิเป็นหุ้นสามัญได้
		7)	หุ้นบุริมสิทธิชนิดไม่จ่ายเงินปันผล หุ้นบุริมสิทธิชนิดนี้จะมีกำหนดอายุที่แน่นอน (โดยทั่วไปมีอายุระหว่าง 5-7 ปี) และเนื่องจากไม่มีการจ่ายปันผล ผู้ลงทุนจะได้กำไรจากราคาที่ค่อยๆ เพิ่มขึ้นตามระยะเวลา",4763,6073
1345187.txt,กระบวนการตรวจสอบการเปิดบัญชีหลักทรัพย์มีวิธีใดบ้าง,"1)	ให้ลูกค้าลงนามในใบคำขอเปิดบัญชี
		2)	ตรวจสอบกลับไปยังลูกค้า (เช่น โทรกลับ) เพื่อตรวจสอบความมีตัวตนของลูกค้า
		3)	แต่งตั้งบุคคลที่เชื่อถือได้มาตรวจสอบทั้งเอกสารและความมีตัวตนของลูกค้า
		4)	ลูกค้ายื่นเอกสารยืนยันตัวตน และ บล. ตรวจสอบเอกสาร
		5)	วิธีการอื่นๆ ที่ บล. สามารถแสดงให้เห็นว่าเพียงพอในการตรวจสอบว่าลูกค้าจริงเป็นบุคคลเดียวกับข้อมูลในเอกสาร",347,696
1345195.txt,Cyclical Stock หุ้นวัฏจักร มีลักษณะอย่างไร,"*	ราคาหุ้นมักขึ้นลงตามภาวะเศรษฐกิจ
				*	เป็นหุ้นบริษัทที่ราคาสินค้ามักมีมูลค่าสูงหรือราคาสินค้าขึ้นลงตามภาวะเศรษฐกิจ เช่น รถยนต์, อสังหาฯ, วัสดุก่อสร้าง",2634,2786
1345195.txt,หุ้นบุริมสิทธิ (Preferred Stock) คืออะไร,ตราสารทุนที่มีลักษณะผสมของหุ้นสามัญและตราสารหนี้ มักถูกเรียกว่าเป็นตราสารกึ่งหนี้กึ่งทุน (Hybrid Securities) เนื่องจากผู้ถือหุ้นบุริมสิทธิมีฐานะเป็นเจ้าของกิจการเหมือนหุ้นสามัญ แต่ผู้ลงทุนได้ปันผลในอัตราคงที่คล้ายกับดอกเบี้ยจากตราสารหนี้,4039,4275
1345173.txt,หุ้นกู้ต่างประเทศ (Foreign Bond) คืออะไร,หุ้นกู้ที่ใช้สกุลเงินเดียวกันกับประเทศที่ไปจำหน่าย,8593,8642
1345160.txt,เงื่อนไขในการลงทุนของ RMF คืออะไร,"ต้องลงทุนไม่น้อยกว่า 5 ปี (นับปีเฉพาะปีที่มีการลงทุน)และถือครองจนถึงอายุ 55 ปีบริบูรณ์
			ต้องลงทุนทุกปี (สามารถเว้นได้ไม่เกิน 1 ปี ติดต่อกัน หรือลงทุนปีเว้นปีได้)
			เว้นการลงทุนเกิน 1 ปี ได้ หากปีนั้นๆ ไม่มีรายได้จากการประกอบวิชาชีพ
			ในแต่ละปีต้องลงทุนขั้นต่ำ 3% ของรายได้ หรือ 5,000 บาทแล้วแต่จำนวนใดจะต่ำกว่า
			ไม่สามารถนำหน่วยลงทุนไปโอน จำนำ หรือค้ำประกัน",16495,16857
1345177.txt,การส่งมอบ Warrant (ไทย) คือวิธีใด,Physical,1512,1519
1345195.txt,Small-cap Stock (หุ้นเล็ก) คืออะไร,หุ้นทั้งหมดที่ไม่อยู่ใน ดัชนีSET 100,3553,3588
1345150.txt,การประเมินมูลค่า มีขั้นตอนอะไรบ้าง,1. คาดการณ์กระแสเงินสดแต่ละปี (รวมถึงคาดการณ์ราคาขายกรณีกำหนดระยะเวลาถือครองหุ้น) 2. คิดลด (Discount) เงินกระแสเงินสดและราคาขายที่ได้รับในอนาคตกลับมาเป็นมูลค่าปัจจุบัน 3. นำมูลค่าปัจจุบันทั้งหมดมารวมกัน,1667,1868
1345160.txt,Free hold คืออะไร,การที่กองทุนซื้ออสังหาฯ แล้วนำมาปล่อยเช่า หากกองทุนกำหนดอายุโครงการ เมื่อหมดอายุกองทุนต้องขายอสังหาฯ และนำเงินมาคืนให้ผู้ลงทุน,8223,8348
1345146.txt,หากปริมาณการออกตราสารหนี้ในตลาดแรกมีสูง หมายความว่าอย่างไร,ความต้องการกู้เงินที่สูงของผู้ออกตราสาร ดังนั้นผู้ออกจึงยอมที่จะกู้ในอัตราดอกเบี้ยที่สูงขึ้น,1115,1206
1345160.txt,แบ่งประเภทกองทุนรวมตามความเสี่ยงต่างประเทศ มีอะไรบ้าง,"1)	กองทุนที่ไม่มีความเสี่ยงต่างประเทศ
		2)	กองทุนที่มีความเสี่ยงต่างประเทศ
		3)	กองทุนที่มีความเสี่ยงทั้งในและต่างประเทศ",295,414
1345156.txt,การเข้าซื้อ ด้วยจำนวนเงินเท่าๆ กัน ในช่วงเวลาที่กำหนด คือกลยุทธ์อะไร,Dollar-cost Averaging: DCA (การลงทุนสม่ำเสมอ),3445,3489
1345185.txt,NC คืออะไร,บริษัทจดทะเบียนเข้าข่ายถูกเพิกถอน,1765,1797
1345195.txt,Nano-Cap Stock คืออะไร,หุ้นที่มีมูลค่าตลาด <50 ล้านดอลลาร์,3961,3995
1345188.txt,ความสามารถของการใช้ระบบใช้ระบบคอมพิวเตอร์ (WATCHs) คืออะไร,"1.	แสดงภาพรวม เช่น การเคลื่อนไหวของราคาและปริมาณการซื้อขายของแต่ละหลักทรัพย์ และของดัชนี (Index) ในแบบ Real time 
			2.	การแจ้งเตือน เมื่อพบการเคลื่อนไหวของราคาหรือปริมาณการซื้อขายที่ผิดปกติ ของหลักทรัพย์
			3.	การค้นหา การค้นหาลักษณะการซื้อขายทั้งจากข้อมูลในอดีต และข้อมูล Real time",1838,2120
1345195.txt,Micro-cap Stock คืออะไร,หุ้นที่มีมูลค่าตลาด 50 – 300 ล้านดอลลาร์,3899,3938
1345160.txt,ความเสี่ยงเมื่อลงทุนต่างประเทศ คืออะไร,ความเสี่ยงของประเทศที่ลงทุน (Country Risk) และความเสี่ยงด้านอัตราแลกเปลี่ยน (Currency Risk),3388,3478
1345197.txt,ความเสี่ยงที่จะกระทบต่อผลการดำเนินงาน มีอะไรบ้าง,"1.	ความเสี่ยงทางธุรกิจ (Business Risk) คือ ความเสี่ยงจากการดำเนินธุรกิจ เช่น การแข่งขันของอุตสาหกรรม, นโยบายการทำธุรกิจของบริษัท, ความเสี่ยงในการทำโครงการต่างๆ
	2.	ความเสี่ยงทางการเงิน (Financial Risk) คือ ความเสี่ยงจากโครงสร้างการเงินของบริษัท (โครงสร้างทางการเงินของบริษัท หมายถึงแหล่งที่มาของเงินทุนในการทำธุรกิจ ซึ่งโดยทั่วไปจะมาจาก 2 แหล่งคือ 1. เงินทุนเจ้าของและกำไรสะสม 2. การกู้ยืม) กล่าวคือ การที่บริษัทมีหนี้สินมากก็จะมีความเสี่ยงทางการเงินมาก
	3.	ความเสี่ยงจากปัจจัยมหภาค (Macro Factor) คือ ความเสี่ยงที่เกิดจากปัจจัยภายนอกของธุรกิจ เช่น ความมั่นคงทางการเมืองและนโยบายทางการเมือง, อัตราเงินเฟ้อ, อัตราดอกเบี้ย",272,891
1345183.txt,14.00 – 14.30 น. มีรายละเอียดอย่างไร,Pre-opening II (ก่อนเปิดตลาดบ่าย) ระบบคำนวณราคาเปิดของหลักทรัพย์ช่วงบ่าย จากคำสั่งซื้อขายของนักลงทุน โดยตลาดจะสุ่มเวลาในการเปิดตลาด (Random) ในช่วง 14.25 – 14.30 น.,457,620
1345200.txt,สูตรการคำนวณ เงินปันผล คืออะไร,เงินปันผล = เงินปันผล / ราคาต้นงวด,256,289
1345160.txt,กองทุนรวมตราสารหนี้ระยะสั้น (Short-Term Fixed-Income Fund) คืออะไร,ลงทุนในตราสารหนี้ที่มี Portfolio Duration (Portfolio Duration มีหน่วยเป็นปี และแสดงถึงความเสี่ยงด้านความผันผวนของราคา) ≤1 ปี กองทุนมักให้ผลตอบแทนต่ำ แต่ก็มีความเสี่ยงต่ำเช่นกัน,5468,5643
1345173.txt,หุ้นกู้ยูโร (Euro Bond) คืออะไร,หุ้นกู้ที่ใช้คนละสกุลเงินกับประเทศที่ไปจำหน่าย,8972,9017
1345140.txt,TRIS Rating ให้ข้อมูลใดบ้าง,ให้ข้อมูลและบทวิเคราะห์ความน่าเชื่อถือของตราสารหนี้และผู้ออกตราสารหนี้ รวมถึงข้อมูลต่างๆ ที่อาจมีผลกระทบต่อความสามารถในการชำระหนี้,2314,2443
1345156.txt,กลยุทธ์ที่เลือกกองทุนแบบ Passive ทั้งหมด เพื่อสร้างผลตอบแทนใกล้เคียงกับดัชนีที่สุด คือกลยุทธ์อะไร,กลยุทธ์ที่ลงทุนในกองทุนหลัก (Core Fund),829,867
1345177.txt,ประเภทของสิทธิของ DW คืออะไร,Call และ Put,1139,1150
1345200.txt,ราคาปลายงวด คืออะไร,ราคาขาย,464,470
1345179.txt,NVDR ที่อ้างอิงกับหุ้นสามัญ ต้องมีการรายงานการถือครองอะไรบ้าง,"1.	ต้องรายงานเมื่อได้มาหรือขายไปจนทำให้สัดส่วนการถือครอง NVDR รวมกับหุ้นแตะระดับ 5%
	2.	เมื่อการถือครอง ≥25% บริษัทไทยวีดอาร์ จำกัด มีสิทธิบังคับซื้อคืนสำหรับสัดส่วนที่เกิน 25%",2451,2626
1345193.txt,ที่มาของเงินทุนในการทำธุรกิจมาจากแหล่งใดบ้าง,1. การกู้ยืม 2. การระดมทุนจากผู้ถือหุ้น (เจ้าของกิจการ) 3. กำไรสะสมของกิจการ,1710,1785
1345160.txt,กองทุนรวมสินทรัพย์ทางเลือก (Alternative Investment Fund) คืออะไร,กองทุนที่เน้นลงทุนสินทรัพย์ทางเลือก (สินทรัพย์อื่นๆ ที่ไม่ใช่ ตราสารทุน และตราสารหนี้),6283,6368
1345197.txt,ความเสี่ยงทางธุรกิจ (Business Risk) คืออะไร,"ความเสี่ยงจากการดำเนินธุรกิจ เช่น การแข่งขันของอุตสาหกรรม, นโยบายการทำธุรกิจของบริษัท, ความเสี่ยงในการทำโครงการต่างๆ",315,430
1345185.txt,NR คืออะไร,บริษัทที่ขึ้น NP ส่งงบการเงินหรือรายงานแล้ว,1699,1741
1345177.txt,ใครคือผู้ออกตราสาร Warrant (ไทย),บริษัทของหลักทรัพย์อ้างอิง (เช่น ผู้ออก Warrant ที่ให้สิทธิซื้อหุ้น AAA ต้องเป็นบริษัท AAA เท่านั้น),1345,1444
1345188.txt,ข้อบังคับของตลาดหลักทรัพย์ที่กำหนดว่าลักษณะของคำสั่งซื้อขายที่ไม่เหมาะสมมีอะไรบ้าง,"*	การซื้อขายที่ทำให้ราคาปิดเปลี่ยนแปลงผิดปกติ
		*	การซื้อและขายหลักทรัพย์ของบุคคลเดียวกัน เช่น ซื้อหุ้นที่ตนเองเป็นผู้เสนอขาย
		*	การซื้อขายโดยสมรู้ร่วมคิดกัน เช่น การซื้อขายไปมาหลายๆ รอบ ระหว่าง นาย A และ 
		*	นาย B เพื่อสร้างปริมาณซื้อขาย
		*	การซื้อขายต่อเนื่อง (Series of Transaction) เช่น การขายที่ต่อเนื่องจนทำให้ราคาลงแรง ทำให้ผู้ลงทุนตกใจและขายหุ้นออกมา จากนั้นตนเองก็เข้าซื้อหุ้นในระดับราคาที่ต่ำ
		*	การซื้อหรือขายเพื่อไม่ให้ผู้อื่นส่งมอบหลักทรัพย์ได้ตามหน้าที่ เช่น นาย A เห็นว่านาย C 
		*	ได้ขายหุ้น PPP ล่วงหน้า (Short Sale) ไว้ โดยมีสัญญาจะซื้อคืนในอีก 3 เดือน นาย A จึงเข้าไปซื้อหุ้น PPP ทั้งหมดจนทำให้นายซื้อไม่สามารถซื้อหุ้น PPP มาคืนได้ตามสัญญา
		*	การซื้อ Warrant แต่ขายหุ้นอ้างอิง หรือ การขาย Warrant แต่ซื้อหุ้นอ้างอิง ในวันเดียวกัน
		*	ซื้อหรือขายหลักทรัพย์ ที่ตนเองหรือผู้สมรู้ร่วมคิดปล่อยข่าวลือบางอย่าง โดยที่ข่าวนั้นยังไม่ได้แจ้งตลาดหลักทรัพย์ฯ",2703,3572
1345195.txt,มูลค่าตลาด คืออะไร,มูลค่าปัจจุบันของบริษัททั้งบริษัท ซึ่ง = ราคาหุ้น x จำนวนหุ้น),3184,3245
1345160.txt,เครื่องมือการลงทุนที่เข้ามาทดแทนกองทุนรวมอสังหาริมทรัพย์ที่ไม่สามารถจัดตั้ง และเพิ่มทุนได้อีก คืออะไร,กองทรัสต์,8990,8998
1345136.txt,SP หมายถึงอะไร,หยุดการซื้อขายชั่วคราวเกิน 1 รอบการซื้อขายของตลาด,2386,2434
1345183.txt,9.30 – 10.00 น. มีรายละเอียดอย่างไร,Pre-opening I (ก่อนเปิดตลาดเช้า) ระบบคำนวณราคาเปิดของหลักทรัพย์ช่วงเช้า จากคำสั่งซื้อขายของนักลงทุน โดยตลาดจะสุ่มเวลาในการเปิดตลาด (Random) ในช่วง 9.55 – 10.00 น.,136,297
1345185.txt,SP คืออะไร,หยุดการซื้อขายชั่วคราวเกิน 1 รอบการซื้อขายของตลาด,1881,1929
1345148.txt,ผู้ลงทุนสามารถตัดสินใจถือ/อยู่เฉยๆเมื่อใด,เมื่อราคาตลาด (Market Price) = มูลค่าที่แท้จริง (Intrinsic Value),607,671
1345160.txt,กองทุนรวมที่ไม่มีความเสี่ยงต่างประเทศ คืออะไร,กองทุนรวมที่ลงทุนในประเทศเท่านั้น,3237,3269
1345136.txt,ช่องทางการส่งคำสั่งซื้อขาย แบ่งตามประเภทผู้ซื้อ มีอะไรบ้าง,"1)	ช่องทางสำหรับรายย่อย ส่งคำสั่งซื้อขายผ่านบริษัทหลักทรัพย์ (Broker)
		2)	ช่องทางสำหรับผู้ลงทุนสถาบัน ส่งคำสั่งซื้อขายผ่านระบบ Fixed Income and Related Securities Trading System (FIRSTs)",1009,1195
1345160.txt,กองทุนรวมโครงสร้างพื้นฐาน (Infrastructure Fund) คืออะไร,กองทุนรวมที่นำเงินไปลงทุนในโครงสร้างพื้นฐาน ทั้งโครงการของภาครัฐและภาคเอกชน,10666,10740
1345160.txt,กองทุนเปิดจะต้องเลิกโครงการเมื่อใด,"จำนวนผู้ถือหน่วยลงทุน <35 ราย หรือมีการขายคืนหน่วยลงทุนมากกว่า 2 ใน 3 ภายใน 5 วันทำการ ยกเว้น กองทุนรวมตลาดเงิน, กองทุนรวมหน่วยลงทุน, กองทุนรวมฟีดเดอร์ (Feeder Fund)",2749,2913
1345144.txt,อัตราผลตอบแทนจากดอกเบี้ย คืออะไร,การคำนวณอัตราผลตอบแทนโดยการใช้ดอกเบี้ยรับต่อปี หารด้วย ราคาปัจจุบันของตราสารหนี้,209,288
1345173.txt,พันธบัตรชดเชยเงินเฟ้อ (Inflation-Linked bond) คืออะไร,เป็นพันธบัตรที่ดอกเบี้ยปรับขึ้นลงตามอัตราเงินเฟ้อ,8125,8173
1345177.txt,DW มีภาษีเมื่อมีการส่งมอบหรือไม่,มีภาษี,2004,2009
1345138.txt,ผู้ลงทุนรายใหญ่ คืออะไร,บุคคลธรรมดา หรือ นิติบุคคลที่มีเงื่อนไขใดเงื่อนไขหนึ่ง,243,296
1345187.txt,บัญชีมาร์จิ้น (Margin Account) คืออะไร,บัญชีที่อนุญาตให้ลูกค้ากู้เงินจาก บล. มาลงทุน รวมถึงสามารถยืมหุ้นมาขาย (Short Sale)  ได้ ซึ่งแน่นอนว่าผู้ลงทุนต้องจ่ายดอกเบี้ยในการกู้ยืมรวมถึงการ Short Sale โดย บล. จะมีความเสี่ยงในการที่ผู้ลงทุนผิดนัดชำระหนี้ ดังนั้นตลาดหลักทรัพย์ได้นำระบบ Credit Balance เข้ามาช่วยป้องกันความเสี่ยง,2273,2556
1345138.txt,ผู้ลงทุนรายใหญ่ที่เป็นบุคคลธรรมดา ต้องมีรายได้เท่าไหร่,≥ 4 ล้าน,400,407
1345197.txt,ความเสี่ยงต่อระดับความต้องของการลงทุนในตราสารทุนคืออะไร,เมื่อความต้องการลงทุนในตราสารทุนลดลง ราคาของหุ้นก็มักปรับตัวลดลง,947,1010
1345195.txt,Large-cap Stock (หุ้นใหญ่) คืออะไร,หุ้นที่อยู่ในดัชนี SET50,3315,3338
1345177.txt,อัตราส่วนที่ใช้วิเคราะห์ DW มีอะไรบ้าง,มีทั้ง Call DW และ Put DW,2515,2539
1345195.txt,ประเภทของตราสารทุน มีอะไรบ้าง,1.หุ้นสามัญ 2.หุ้นบุริมสิทธิ,110,137
1345201.txt,ความเสี่ยงจากการลงทุนต่อ (Reinvestment risk) มีอะไรบ้าง,"*	ระดับกองทุน การลงทุนในกองทุนที่กำหนดเวลา เช่น Term Fund, Trigger Fund เมื่อครบกำหนดเวลาหรือครบตามเงื่อนไขการปิดกองทุน ผู้ลงทุนจะได้รับเงินคืน ทำให้มีความเสี่ยงในการลงทุนต่อ
		*	ระดับหลักทรัพย์ การที่กองทุนลงทุนในหลักทรัพย์ที่กำหนดอายุโดยเฉพาะกำหนดสั้น เช่น ลงทุนในตราสารหนี้ระยะสั้น ก็จะมี Reinvestment risk สูง",1608,1920
1345138.txt,ผู้ลงทุนรายใหญ่พิเศษ คืออะไร,บุคคลธรรมดา หรือ นิติบุคคลที่มีเงื่อนไขใดเงื่อนไขหนึ่ง,691,744
1345177.txt,รูปแบบการใช้สิทธิของ Warrant (ไทย) คืออะไร,Pseudo-American,1225,1239
1345144.txt,Premium Bond คืออะไร,Current Yield < Coupon Rate ราคาตราสารหนี้สูงกว่าราคาหน้าตั๋ว,1266,1326
1345181.txt,SET Connect คืออะไร,เป็นระบบการซื้อขายที่ตลาดหลักทรัพย์แห่งประเทศไทย ร่วมมือกับบริษัท Cinnober Finance Technology AB ในการพัฒนาระบบ,495,605
1345138.txt,ใครคือผู้ออกพันธบัตรรัฐบาล,กระทรวงการคลัง,2045,2058
1345158.txt,วิธีการบริหารการลงทุนของกองทุนรวม มีกี่ประเภท,2 ประเภท,5911,5918
1345160.txt,กองทุนผสม (Mixed Fund) คืออะไร,"กองทุนที่ลงทุนในสินทรัพย์หลากหลายประเภทผสมกัน เช่น ตราสารหนี้, ตราสารทุน, อสังหาริมทรัพย์ และสินทรัพย์ทางเลือก",12000,12109
1345181.txt,จุดเด่นของระบบ SET Connect คืออะไร,"1.	มีความน่าเชื่อถือระดับสากล มีการเชื่อมต่อที่เป็นมาตรฐานสากล (FIX Protocol) และสามารถรับส่งข้อมูลเชื่อมต่อกับตลาดหลักทรัพย์อื่นๆ รวมถึงมีระบบสำรองในทุกๆ ด้าน ในกรณีที่ระบบหลักขัดข้อง
	2.	รองรับปริมาณการซื้อขายได้จำนวนมาก",632,853
1345173.txt,ตราสารหนี้แบ่งตามสิทธิเรียกร้อง มีอะไรบ้าง,"หุ้นกู้ไม่ด้อยสิทธิ (Senior Bond)
		หุ้นกู้ด้อยสิทธิ (Subordinated Bond)",765,836
1345201.txt,ความเสี่ยงด้านสภาพคล่อง (Liquidity risk) มีอะไรบ้าง,"*	ระดับกองทุน กองทุนที่สามารถซื้อขายได้ทุกวันทำการจะมีสภาพคล่องดีกว่า กองทุนที่ซื้อขายได้ทุกสัปดาห์ หรือกองทุนที่มีกำหนดระยะเวลาถือครอง
		*	ระดับหลักทรัพย์ที่กองทุนนำเงินไปลงทุน กองทุนที่นำเงินไปลงทุนในหลักทรัพย์ที่สภาพคล่องน้อย หากมีลูกค้าที่การขายคืนหน่วยลงทุนจำนวนมาก",1015,1284
1345160.txt,กองทุนรวมคุ้มครองเงินต้น (Capital Protection Fund) คืออะไร,เป็นกองทุนที่มุ่งเน้นการรักษาเงินต้น จึงเน้นการลงทุนในตราสารหนี้ระยะสั้น และความน่าเชื่อถือสูง (คล้ายกองทุนรวมตลาดเงิน แต่แสดงวัตถุประสงค์ชัดเจนว่ามุ่งเน้นการคุ้มครองเงินต้น),12966,13139
1345173.txt,ตราสารหนี้ที่ผู้ลงทุนมีสิทธิเรียกคืนเงินกู้ก่อนครบกำหนด (Puttable Bond) คืออะไร,หุ้นกู้ที่ให้สิทธิกับผู้ลงทุนเรียกคืนเงินกู้ก่อนครบกำหนด โดยราคาที่เรียกคืนนี้เรียกว่า Put Price ซึ่งโดยทั่วไป Put Price จะเท่ากับ Par Value ทั้งนี้ลงทุนมักใช้สิทธิในการเรียกคืนเงินเมื่ออัตราดอกเบี้ยในตลาดปรับตัวสูงขึ้น เพื่อนำเงินที่ได้รับคืน ไปลงทุนตราสารหนี้ใหม่ที่ให้อัตราดอกเบี้ยสูงกว่า และเนื่องจาก Puttable Bond ให้สิทธิกับผู้ลงทุน ดังนั้นจึงมีดอกเบี้ยต่ำกว่าหุ้นกู้ที่ไม่มีสิทธิแฝง,6507,6895
1345150.txt,ข้อเสียของ Book Value (มูลค่าตามบัญชี) คืออะไร,สินทรัพย์ที่บันทึกในบัญชีนั้นอาจไม่เท่ากับราคาตลาด เช่น บริษัทอาจบันทึกราคาที่ดิน 10 ล้านบาท ซึ่งเป็นราคาที่ซื้อมาเมื่อ 10 ปีแล้ว,535,663
1345171.txt,มูลค่าหน้าตั๋ว/มูลค่าที่ตราไว้ (Face Value/Par Value) คืออะไร,"เงินที่ผู้ลงทุนจะได้รับคืนเมื่อครบกำหนด ซึ่งโดยปกติแล้วตราสารหนี้จะมีมูลค่าหน้าตั๋วเท่ากับ 1,000 บาท",157,256
1345138.txt,การรับซื้อหลักทรัพย์ที่เหลือเพื่อขายต่อ คืออะไร,เป็นการจัดจำหน่ายที่ผู้จัดจำหน่ายให้สิทธิกับผู้ออกตราสารหนี้ ในกรณีที่ตราสารหนี้ไม่สามารถจัดจำหน่ายได้ทั้งหมด  ผู้ออกตราสารมีสิทธิที่จะให้ผู้จัดจำหน่ายซื้อตราสารหนี้ส่วนที่เหลือโดยราคารับซื้อจะเป็นที่ต่ำกว่าราคา IPO,3199,3413
1345150.txt,Asset Based Approach คืออะไร,เป็นการประเมินมูลค่าของหุ้นจากสินทรัพย์ของบริษัท,151,198
1345197.txt,ความเสี่ยงต่อผลการดำเนินงานของกิจการ คืออะไร,เมื่อกิจการมีผลกำไรที่ลดลง หรือ ต่ำกว่าที่ผู้ลงทุนส่วนใหญ่คาดการณ์ไว้ ราคาของหุ้นก็มักปรับตัวลดลง,123,219
1345200.txt,สูตรการคำนวณ อัตราผลตอบแทนรวม คืออะไร,อัตราผลตอบแทนรวม = (เงินปันผล + ราคาปลายงวด – ราคาต้นงวด) / ราคาต้นงวด,294,363
1345158.txt,หนังสือชี้ชวนส่วนสรุปข้อมูลสำคัญ (Fund Fact Sheet) ทำให้ผู้ลงทุนทราบอะไรบ้าง,"-	คุณกำลังจะลงทุนอะไร
				-	กองทุนรวมนี้เหมาะกับใคร
				-	คุณต้องระวังอะไรเป็นพิเศษ
				-	สัดส่วนของสินทรัพย์ที่ลงทุน
				-	ค่าธรรมเนียมกองทุน
				-	ผลการดำเนินงานในอดีตของกองทุน",1194,1371
1345188.txt,มาตรการการป้องกันไม่ให้เกิดการซื้อขายที่ไม่เป็นธรรม มีอะไรบ้าง,"1)	การส่งคำสั่งซื้อขายที่ไม่เหมาะสม เนื่องจากการส่งคำสั่งซื้อขายของผู้ลงทุนต้องทำผ่านสมาชิก (บล.) ตลาดหลักทรัพย์ฯ จึงทำความเข้าใจกับสมาชิกเกี่ยวกับลักษณะของคำสั่งซื้อขายที่ไม่เหมาะสม
		2)	การตรวจสอบระดับของปริมาณการซื้อขายของหลักทรัพย์ที่ผิดปกติ เมื่อตรวจพบ ตลาดหลักทรัพย์ฯ จะติดต่อไปยัง บล. เพื่อให้ บล. กำกับดูแลผู้ลงทุนที่ทำให้เกิดการซื้อขายผิดปกติ โดย บล. อาจดำเนินการให้ลูกค้าต้องใช้บัญชี Cash Balance ในการซื้อหลักทรัพย์ มาตรการ Cash Balance จะทำให้ลูกค้าต้องนำเงินมาเข้าบัญชีก่อน ซึ่งอาจทำให้วงเงินในการซื้อหลักทรัพย์ลดลงและไม่สามารถกู้เงินมาซื้อหลักทรัพย์ผ่านบัญชี Credit Balance ได้
		3)	การแจ้งเตือนผู้ลงทุนว่าหลักทรัพย์ใดมีปริมาณการซื้อขายที่ผิดปกติ (Trading alert) โดยตลาดหลักทรัพย์ฯ จะแสดงรายชื่อหลักทรัพย์ที่มีปริมาณการซื้อขายผิดปกติใน Trading alert list เป็นรายวัน ผ่านเว็บไซต์ของตลาดหลักทรัพย์ฯ
		4)	การกำหนดให้ลูกค้าต้องใช้บัญชี Cash Balance ให้ลูกค้าทุกคนใช้บัญชี Cash Balance ในการลงทุนในหุ้นที่มีปริมาณการซื้อขายผิดปกติ เพื่อลดความเสี่ยงให้กับผู้ลงทุนและลดปริมาณการซื้อขายหลักทรัพย์ที่ผิดปกติ
		5)	การจัดการกับข้อมูลสำคัญที่ยังไม่เปิดเผย เช่น การกำหนดให้บริษัทจดทะเบียนแสดงข้อเท็จจริงเกี่ยวกับข่าวลือต่างๆ เพื่อป้องกันการใช้ข้อมูลภายในของบริษัทมาแสวงหาผลประโยชน์",366,1547
1345179.txt,สิทธิประโยชน์ของผู้ถือ NVDR มีอะไรบ้าง,"1.	นักลงทุนต่างชาติสามารถลงทุนได้โดยไม่ติด Foreign Limit แต่กรณีลงทุนในสถาบันการเงิน ต่างชาติจะถือหุ้นและ NVDR รวมกันได้ไม่เกิน 10%
	2.	ผู้ถือ NVDR มีสิทธิเหมือนการถือหลักทรัพย์อ้างอิง ยกเว้นสิทธิ Vote
	3.	สามารถเปลี่ยน NVDR เป็นหลักทรัพย์อ้างอิง
	4.	สิทธิประโยชน์ทางภาษี ผู้ลงทุนประเภทบุคคคลธรรมดา และนิติบุคคล",1486,1796
1345191.txt,บทวิเคราะห์เชิงลึกควรมีองค์ประกอบเพิ่มเติมอะไรบ้าง,"1)	ปัจจัยสำคัญที่มีผลต่อกำไรของบริษัท
		2)	การวิเคราะห์ภาพรวมของอุตสาหกรรม และคู่แข่ง
		3)	สมติฐานที่ใช้ในหาราคาเป้าหมายของหลักทรัพย์ (มูลค่าของหลักทรัพย์)
		4)	Sensitivity analysis โดยการแสดงราคาเป้าหมายในกรณีที่ปัจจัยต่างๆ ดีกว่า, เท่ากับ หรือแย่กว่าที่คาดการณ์ (Best, Base, Worst)",2044,2326
1345140.txt,ตลาดหลักทรัพย์แห่งประเทศไทย ให้ข้อมูลอะไรบ้าง,"*	ให้ข้อมูลเกี่ยวกับตราสารทุนและตราสารหนี้ เช่น ข้อมูลบริษัทผู้ออก, ข่าวสาร
	*	ให้ข้อมูลเกี่ยวกับตลาดตราสารทุนและตลาดตราสารหนี้ เช่น ข้อมูลการเคลื่อนไหวของราคา, มูลค่าการซื้อขาย",1865,2041
1345200.txt,สูตรการคำนวณ Capital gain คืออะไร,Capital gain = (ราคาปลายงวด – ราคาต้นงวด) / ราคาต้นงวด,198,251
1345160.txt,Fund of Funds คืออะไร,กองทุนรวมที่ลงทุนในกองทุนรวมหลายๆ กองทุน,14207,14246
1345160.txt,ประเภทของกองทุนรวม แบ่งตามเกณฑ์มีกี่เกณฑ์,5 เกณฑ์,179,185
1345201.txt,ความเสี่ยงจากผู้จัดการกองทุน (Fund manager risk) คืออะไร,"ความเสี่ยงด้านนี้จะสูงหากกองทุนบริหารแบบเชิงรุก (Active Management) ซึ่งมีการพึ่งพาความสามารถของผู้จัดการกองทุน โดยผู้จัดการกองทุนอาจตัดสินลงทุนใจผิดพลาด, เกิดอุบัติเหตุ, หรือการย้ายงานได้",2203,2390
1345160.txt,รายได้หลักของกองทุนรวมโครงสร้างพื้นฐานมาจากที่ใด,การเก็บค่าเช่าหรือค่าบริการโครงสร้างพื้นฐาน,11387,11429
1345136.txt,ธุรกรรมซื้อคืน คืออะไร,การขายตราสารหนี้โดยมีสัญญาว่าจะซื้อคืน ธุรกรรมซื้อคืนนี้เปรียบเสมือนการกู้ยืมโดยมีตราสารหนี้เป็นหลักทรัพย์ค้ำประกันนั่นเอง,6877,6998
1345195.txt,Large-cap Stock คืออะไร,"หุ้นที่มีมูลค่าตลาด 10,000 – 200,000 ล้านดอลลาร์",3695,3742
1345146.txt,อัตราดอกเบี้ยนโยบาย คืออะไร,อัตราดอกเบี้ยที่ธนาคารกลาง (สำหรับประเทศไทย ธนาคารกลาง หมายถึง ธนาคารแห่งประเทศไทย) กำหนดขึ้นเพื่อให้ดอกเบี้ยอื่นๆ ได้อ้างอิง,304,428
1345144.txt,อัตราผลตอบแทนถึงวันครบกำหนด คืออะไร,อัตราผลตอบแทนที่ผู้ลงทุนจะได้รับหากซื้อตราสารหนี้และถือจนครบกำหนดอายุ,1417,1485
1345188.txt,บทลงโทษตามความผิดของ พรบ. หลักทรัพย์และตลาดหลักทรัพย์ มีอะไรบ้าง,"*	ก.ล.ต. เป็นผู้ตรวจสอบข้อเท็จจริงว่าบุคคลหรือกลุ่มบุคคลทำการซื้อขายที่ไม่เป็นธรรมหรือไม่
		*	บทลงโทษมี 2 ทาง ซึ่งขึ้นอยู่กับความร้ายแรงในการกระทำผิด
			-	ความผิดอาญา
			-	ความผิดทางแพ่ง บทลงโทษจะเป็น, การเสียค่าปรับ, ห้ามซื้อขายหลักทรัพย์ไม่เกิน 5 ปี, ห้ามเป็นกรรมการหรือผู้บริหารบริษัทที่จดทะเบียนในตลาดฯ ไม่เกิน 10 ปี เป็นต้น",4275,4602
1345136.txt,ใครเป็นผู้ออกตราสารหนี้ภาครัฐ ไร้ใบตราสาร,ศูนย์รับฝากหลักทรัพย์ (TSD),7515,7541
1345173.txt,ตราสารศุกูก (Sukuk) คืออะไร,ตราสารทางการเงินตามหลักชาริอะห์ (shariah) ของอิสลาม มีลักษณะคล้ายตราสารหนี้ แต่เนื่องจากโครงสร้างตราสารหนี้ที่ผู้ลงทุนเป็นเจ้าหนี้ และการรับผลตอบแทนในรูปดอกเบี้ยนั้นผิดหลักชาริอะห์ ผู้ลงทุนใน Sukuk จะมีฐานะเป็นเจ้าของสินทรัพย์หรือโครงการ และรับผลตอบแทนจากกระแสเงินสดที่สินทรัพย์หรือโครงการนั้นทำได้,10390,10687
1345195.txt,Value Stock หุ้นคุณค่า มีลักษณะอบ่างไร,"*	หุ้นที่มีค่า P/E Ratio และ P/B Ratio ต่ำ เนื่องจากผู้ลงทุนคาดการณ์การเติบโตต่ำหรือติดลบ
				*	อัตราผลตอบแทนจากปันผลสูง (Dividend Yield) (Dividend Yield = เงินปันผล / ราคาหุ้น ดังนั้นเมื่อราคาหุ้นถูกทำให้ Dividend Yield สูง) เนื่องจากราคาหุ้นถูก",1866,2111
1345142.txt,ขายตราสารหนี้ เมื่อใด,ขาย เมื่อราคาที่เหมาะสม < ราคาที่ซื้อขายในปัจจุบัน (ราคาตลาด),278,338
1345160.txt,REITs คืออะไร,กองประเภททรัสต์ ซึ่งมีลักษณะเป็น “กองทรัพย์สิน” (ไม่ใช่กองทุนรวม และไม่ถือเป็นนิติบุคคล) ที่จะนำเงินไปลงทุนในอสังหาฯ (อาจซื้อหรือเช่าระยะยาว) และสร้างรายได้หลักจากปล่อยเช่า,9127,9298
1345173.txt,Cap คืออะไร,การกำหนดเพดานขั้นสูงของอัตราดอกเบี้ย เพื่อให้ผู้ออกตราสารใช้ป้องกันความเสี่ยง ไม่ให้อัตราดอกเบี้ยขึ้นสูงเกินกว่าระดับที่ตนเองรับได้,4093,4223
1345195.txt,Blue-Chip Stock หุ้นใหญ่แข็งแกร่ง มีลักษณะอย่างไร,"*	เป็นหุ้นของกิจการขนาดใหญ่ที่ก่อตั้งมานาน
				*	มักมีฐานะทางการเงินแข็งแกร่งและเป็นผู้นำตลาด
				*	มีกำไรและจ่ายปันผลสม่ำเสมอ
				*	เป็นหุ้นที่อยู่ในดัชนี SET50 (ดัชนี SET 50 คือ ดัชนีที่ประกอบด้วยหุ้นไทยที่มีขนาดใหญ่ที่สุด 50 บริษัท และมีสภาพคล่องในการซื้อขาย)",1210,1471
1345173.txt,ราคาหุ้นสามัญลดลง ส่งผลอย่างไรกับราคาหุ้นกู้แปลงสภาพ,ราคาหุ้นกู้แปลงสภาพจะลดลงถึงระดับหนึ่งเท่านั้น และในระดับนี้ราคาหุ้นกู้แปลงสภาพจะมีลักษณะเหมือนหุ้นกู้ที่ไม่มีสิทธิแฝงทั่วไป เนื่องจากราคาหุ้นสามัญอยู่ในระดับที่ต่ำ จนผู้ลงทุนเลิกคาดหวังว่าตนเองจะได้กำไรจากการแปลงสภาพ,7371,7587
1345158.txt,ประโยชน์ของกองทุนรวมต่อผู้ลงทุน คืออะไร,"*	ช่วยลดเวลาการติดตามการลงทุน เนื่องจากมีผู้เชี่ยวชาญช่วยดูแล
		*	เงินลงทุนน้อย (ส่วนใหญ่ใช้เงินเริ่มต้นลงทุนเพียง 500 – 1000 บาท) แต่กระจายการลงทุนได้ เนื่องจากกองทุนมักนำเงินไปลงทุนในหลักทรัพย์หลากหลาย ทำให้มีการกระจายการลงทุนที่ดี",3413,3645
1345173.txt,MLR (Minimum Load Rate) คืออะไร,อัตราดอกเบี้ยที่ธนาคารเรียกเก็บจากลูกค้าชั้นดี มีหลักทรัพย์ค้ำประกัน,3507,3574
1345160.txt,กองทุนรวม ETF (Exchange Trade Fund) คืออะไร,เป็นกองทุนดัชนีประเภทหนึ่งที่มีกลยุทธ์การบริหารแบบเชิงรับ และเป็นกองทุนเปิดที่จดทะเบียนซื้อขายในตลาดหลักทรัพย์,21813,21922
1345187.txt,การขอเปิดบัญชีหลักทรัพย์ต้องมีข้อมูลเกี่ยวกับลูกค้าอะไรบ้าง,"1)	วัตถุประสงค์การลงทุน
		2)	ระดับความรู้และประสบการณ์ลงทุนในหลักทรัพย์
		3)	ฐานะทางการเงินและภาระหนี้สิน",762,866
1345160.txt,กองทุนรวมแบบมีประกัน (Guarantee Fund) คืออะไร,กองทุนรวมที่มีการรับประกันเงินต้น หรือผลตอบแทนให้กับผู้ลงทุน โดย บลจ. เป็นผู้จัดหาผู้รับประกัน ทั้งนี้ผู้รับประกันต้องเป็นสถาบันการเงินที่มีคุณสมบัติตามที่ ก.ล.ต. กำหนด,13339,13506
1345193.txt,ประเภทของธุรกิจในไทย มีกี่ประเภท,5 ประเภท,73,80
1345201.txt,ความเสี่ยงจากความผันผวนของราคากองทุน (Market risk) คืออะไร,ความผันผวนของราคาหรือมูลค่าหน่วยลงทุน ซึ่งความผันผวนของราคากองทุนเกิดจากความผันผวนของสินทรัพย์ที่กองทุนไปลงทุนนั้นเอง โดยระดับความผันผวนสามารถวัดได้ด้วยส่วนเบี่ยงเบนมาตรฐาน (Standard Deviation),156,348
1345191.txt,SETSMART Enterprise มีอะไรบ้าง,"*	สำหรับผู้ใช้งานองค์กร
			*	ใช้งานผ่านเครือข่าย Intranet ขององค์กรเอง (องค์กรที่ใช้ SETSMART Enterprise ส่วนใหญ่เป็น บริษัทหลักทรัพย์)",1009,1143
1345146.txt,หากผู้ลงทุนคาดว่าอัตราเงินเฟ้อในอนาคตจะสูงขึ้น จะส่งผลอย่างไร,ผู้ลงทุนจะต้องการผลตอบแทนจากตราสารหนี้สูงขึ้นเพื่อชดเชยกับเงินเฟ้อ,803,868
1345138.txt,ผู้ค้าตราสารหนี้สร้างรายได้จากที่ใด,สร้างรายได้จากส่วนต่างราคาซื้อขาย,2366,2398
1345173.txt,หุ้นกู้ระหว่างประเทศ (International Bond) คืออะไร,หุ้นกู้ที่ผู้ออกอยู่ในประเทศหนึ่งแต่จำหน่ายในอีกประเทศหนึ่ง,8465,8523
1345175.txt,Equity-Linked Product ที่ซื้อขายในตลาดหลักทรัพย์ มีประเภทใดบ้าง,"1.	ใบสำคัญแสดงสิทธิอนุพันธ์ (Derivative Warrant: DW)
	2.	ใบสำคัญแสดงสิทธิ (Warrant)
	3.	ใบสำคัญแสดงสิทธิซื้อหุ้นเพิ่มทุนที่โอนสิทธิได้ (Transferable Subscription Right :TSR)
	4.	ใบสำคัญแสดงสิทธิในประโยชน์ที่เกิดจากหลักทรัพย์อ้างอิงไทย (Non-Voting Depository Receipt: NVDR)
	5.	ใบสำคัญแสดงสิทธิในประโยชน์ที่เกิดจากหลักทรัพย์อ้างอิง (Depository Receipts: DR)",550,905
1345195.txt,เกณฑ์ในการแบ่งประเภทหุ้นสามัญมีอะไรบ้าง,1. แบ่งตามเกณฑ์ลักษณะของหุ้นสามัญ 2. แบ่งตามเกณฑ์ขนาดของหุ้นสามัญ,1040,1104
1345138.txt,สำนักงานคณะกรรมการกำกับหลักทรัพย์และตลาดหลักทรัพย์ (ก.ล.ต.) มีหน้าที่อะไร,กำกับดูแลและพัฒนาตลาดทุนทั้งตลาดแรกและตลาดรอง,4418,4462
1345183.txt,12.30 – 14.00 น. มีรายละเอียดอย่างไร,พักการซื้อขาย คือ พักการซื้อขายระหว่างวัน,397,437
1345177.txt,การประเมินมูลค่าของ DW มีอะไรบ้าง,มีทั้ง Call DW และ Put DW,2597,2621
1345136.txt,ลักษณะของธุรกรรมซื้อคืน มีอะไรบ้าง,"*	เป็นการขายตราสารหนี้โดยมีสัญญาว่าจะซื้อคืนในวันที่กำหนด
		*	ตราสารหนี้ที่ขายส่วนใหญ่เป็นพันธบัตร
		*	วันที่กำหนดซื้อคืนนั้นเป็นระยะสั้น เช่น อีก 1 วัน, 7 วัน, 14 วัน
		*	ราคาที่ซื้อคืนจะสูงกว่าราคาที่ขายเสมือนเป็นดอกเบี้ยให้คู่สัญญา
		*	ธุรกรรมซื้อคืนเปรียบเสมือนการกู้ยืมระยะสั้นโดยใช้พันธบัตรมาค้ำประกัน",8029,8335
1345160.txt,กองทุนตราสารหนี้ (General Fixed Income Fund) คืออะไร,ลงทุนในตราสารหนี้ (ไม่กำหนดอายุคงเหลือและ Portfolio Duration),6011,6071
1345188.txt,ลักษณะการซื้อขายที่ไม่เป็นธรรมตามข้อกฎหมายของ พรบ. หลักทรัพย์และตลาดหลักทรัพย์ มีอะไรบ้าง,"*	การให้ข้อมูลเท็จเกี่ยวกับหลักทรัพย์
		*	การใช้ข้อมูลภายในเพื่อประโยชน์ในการซื้อขาย (Insider Trading)
		*	การปั่นหุ้น การซื้อขายเพื่อทำให้ผู้อื่นเข้าใจผิดเกี่ยวกับราคาหรือปริมาณการซื้อขาย",3675,3862
1345177.txt,ใครคือผู้ออกตราสาร DW,"ธนาคาร, บล.",1316,1326
1345140.txt,เอกสารแนบ คืออะไร,"เอกสารที่เป็นข้อมูลที่เกี่ยวข้อง เช่น งบการเงิน, สัญญาแต่งตั้งผู้แทนผู้ถือหุ้นกู้, รายงานเกี่ยวกับอันดับความน่าเชื่อถือ",1039,1157
1345136.txt,การชำระราคาและส่งมอบหลักทรัพย์แบบทีละรายการ (Gross Clearing) คืออะไร,"เป็นการชำระราคาและส่งมอบตราสารหนี้ภายใน 2 วันทำการซื้อขาย (อาจเป็นในวันที่ซื้อขาย, วันที่ T+1 หรือ T+2 ขึ้นอยู่กับการตกลงกันระหว่างผู้ซื้อและผู้ขาย) ซึ่งผู้ที่มีสิทธิเลือกวิธีนี้ต้องมีการซื้อขายตราสารหนี้มูลค่า ≥50 ล้านบาท",2773,2994
1345173.txt,กรณีบริษัทล้มละลาย ลำดับในการได้รับเงินมีอะไรบ้าง,1.ตราสารหนี้ที่มีการค้ำประกัน 2.หุ้นกู้ไม่ด้อยสิทธิ 3.หุ้นกู้ด้อยสิทธิ 4.หุ้นบุริมสิทธิ 5.หุ้นสามัญ,5755,5853
1345142.txt,การประเมินมูลค่าตราสารหนี้ หมายถึงอะไร,การหาราคาที่เหมาะสม (Fair Price หรือ Intrinsic Value) ของตราสารหนี้เพื่อใช้ประกอบการตัดสินใจลงทุน,85,181
1345173.txt,ตราสารหนี้ที่ไม่กำหนดอายุไถ่ถอน (Perpetual Bond) คืออะไร,ตราสารหนี้ที่จะชำระดอกเบี้ยไปตลอด และไม่มีการชำระเงินต้นคืน,2290,2348
1345177.txt,การปรับสิทธิเมื่อปันผลของDW เป็นอย่างไร,ปรับทุกกรณี,2068,2078
1345191.txt,ข้อมูลจากตลาดหลักทรัพย์ มีอะไรบ้าง,"1.	รายงานราคาซื้อขายหลักทรัพย์แบบ Real-time ทั้งตลาดตราสารทุน (SET/Mai), ตลาดตราสารหนี้ (BEX) และตลาดสัญญาซื้อขายล่วงหน้า (TFEX)
	2.	รายงานข้อมูลซื้อขายหลักทรัพย์สิ้นวัน ซึ่งจะรายงานภาพรวมและราคาปิดของตลาดตราสารทุน (SET/Mai), ตลาดตราสารหนี้ (BEX) และตลาดสัญญาซื้อขายล่วงหน้า (TFEX)
	3.	รายงานสารสนเทศของบริษัทจดทะเบียน เช่น ข้อมูลบริษัท, ลักษณะธุรกิจ, ข่าวสาร, งบการเงินของบริษัท
	4.	SETSMART คือ บริการด้านข้อมูลที่ตลาดหลักทรัพย์พัฒนาขึ้น เพื่อให้ข้อมูลซื้อขายหลักทรัพย์, ข้อมูลสารสนเทศของบริษัทจดทะเบียน รวมถึงสถิติต่างๆ ที่สำคัญ ในบริการเดียว โดย SETSMART ถูกออกแบบเป็น Web-based application",110,703
1345193.txt,ลักษณะของห้างหุ้นส่วนสามัญ คืออะไร,"*	เจ้าของ 2 คนขึ้นไป
		*	เจ้าของรับผิดชอบในหนี้สินทั้งหมด
		*	จะจดเบียนเป็นนิติบุคคลหรือไม่ก็ได้ (ไม่จดถือเป็นบุคคลธรรมดา หากจดถือเป็นนิติบุคคล)",330,473
1345193.txt,ลักษณะของบริษัทจำกัด คืออะไร,"*	เจ้าของ 3 คนขึ้นไป
		*	ต้องจดทะเบียนเป็นนิติบุคคล
		*	แบ่งทุนออกเป็นหุ้น ซึ่งแต่ละหุ้นมีราคาเท่ากัน เช่น แบ่งทุน 10 ล้านบาท ออกเป็น 1 ล้านหุ้น ราคาหุ้นละ 10 บาท
		*	มูลค่าที่ตราไว้ต่อหุ้น (ราคาหุ้นเริ่มต้น) ต้อง ≥ 5 บาท
		*	ผู้ถือหุ้นแต่ละคนรับผิดชอบหนี้สินจำกัด (เฉพาะเงินค่าหุ้นที่ยังส่งไม่ครบ)
		*	ข้อดีคือ หนี้สินแยกชัดเจนระหว่างกิจการกับตัวบุคคล
		*	ข้อเสียคือ กฎระเบียบเยอะ",709,1089
1345142.txt,การประเมินมูลค่าตราสารหนี้ทั่วไป ทำอย่างไร,คิดลดกระแสเงินสดที่จะทยอยได้รับในอนาคตกลับมาเป็นมูลค่าปัจจุบัน,416,477
1345160.txt,ลักษณะสำคัญของกองทุนรวมสินค้าโภคภัณฑ์ มีอะไรบ้าง,"*	ช่วยกระจายความเสี่ยงได้ดี เพราะมีค่า Correlation กับตราสารทุนและตราสารหนี้ ในระดับต่ำ
			*	ราคาสินค้าโภคภัณฑ์ส่วนใหญ่ ปรับตามเงินเฟ้อ
			*	มีความผันผวนสูง ตามความผันผวนของสินค้าโภคภัณฑ์
			*	กองทุนอาจนำเงินไปลงทุนในสินค้าโดยตรง (Physical Asset) หรือ ลงทุนในตราสารอนุพันธ์ที่ราคาอ้างอิงกับสินค้าโภคภัณฑ์ เพื่อลดความค่าใช้จ่ายและความยุ่งยากในการจัดเก็บสินค้า อย่างไรก็ตามราคาของตราสารอนุพันธ์อาจไม่สามารถปรับขึ้นลงตามราคาสินค้าโภคภัณฑ์ที่อ้างอิงได้อย่างสมบูรณ์
			*	กองทุนรวมสินค้าโภคภัณฑ์ในไทย",6612,7105
1345136.txt,ทำไมจึงต้องติดตามภาวะการซื้อขาย,เพื่อตรวจสอบคำสั่งซื้อขายที่ผิดปกติ,3473,3507
1345138.txt,รูปแบบการจัดจำหน่ายหลักทรัพย์ มีกี่รูปแบบ,3 รูป,2821,2825
1345173.txt,ตราสารหนี้ที่ไม่จ่ายดอกเบี้ย (Zero Coupon Bond) คืออะไร,ตราสารหนี้ที่ไม่มีการจ่ายดอกเบี้ยแต่จะเสนอขายในราคาที่ต่ำกว่าราคาหน้าตั๋ว ทำให้ผู้ลงทุนได้รับผลตอบแทนจากส่วนต่างราคา (Capital Gain),4429,4559
1345183.txt,Limit Price Order คืออะไร,"การส่งคำสั่งซื้อ/ขายที่มีการระบุราคาแน่นอน เช่น คำสั่งซื้อหุ้น A ที่ 10.20 บาท, คำสั่งขายหุ้น B ที่ราคา 20.20 บาท",1184,1296
1345188.txt,การกำกับดูแลการซื้อขายที่ดีส่งผลต่อบริษัทสมาชิก (บล.) อย่างไร,"รายได้ที่เพิ่มขึ้น จากจำนวนและปริมาณการลงทุนของผู้ลงทุนที่เพิ่มขึ้น
		*	บริษัทจดทะเบียน	สนใจนำบริษัทเข้ายจดทะเบียนในตลาดฯ มากขึ้น
	ระดมทุนได้ง่ายขึ้นตลาดทุนและเศรษฐกิจ
		*	ชาวต่างชาติมั่นใจและนำเงินเข้ามาลงทุนมากขึ้น
		*	ภาพลักษณ์ที่ดีต่อระบบการเงิน",4864,5112
1345150.txt,Net Asset Value (มูลค่าทรัพย์สินสุทธิ) คืออะไร,มูลค่าสินทรัพย์สุทธิตามมูลค่าตลาด ซึ่งเป็นหามูลค่าสินทรัพย์สุทธิโดยการใช้สินทรัพย์ตามราคาตลาด เพื่อแก้ไขจุดบกพร่องของ Book Value,712,839
1345188.txt,หลักการกำกับดูแลให้เกิดความเป็นธรรมแก่ผู้ลงทุนและผู้เกี่ยวข้องทุกฝ่าย มีกี่แนวทาง,2 แนวทาง,206,213
1345154.txt,การลงทุนแบบถัวเฉลี่ยต้นทุน (Dollar-Cost Averaging: DCA) มีวิธีการลงทุนอย่างไร,"*	การซื้อหุ้นด้วยจำนวนเงินเท่าๆ กัน ตามกำหนดเวลา (เช่น ซื้อเท่าๆ กันทุกเดือน) โดยไม่สนใจว่าราคาจะเป็นเท่าไร
	*	การซื้อด้วยเงินที่เท่ากัน ผู้ลงทุนจะได้หุ้นจำนวนที่มากขึ้นเมื่อหุ้นราคาต่ำลง และได้หุ้นจำนวนน้อยลงเมื่อราคาสูงขึ้น
	*	ความเสี่ยงจากการลงทุนลดลง เนื่องจากผู้ลงทุนจะไม่นำเงินลงทุนก้อนใหญ่ไปซื้อหุ้นเมื่อมีราคาแพง แต่จะมีกระจายการซื้อในหลายๆ ระดับราคา",2550,2907
1345148.txt,ผู้ลงทุนสามารถตัดสินใจซื้อเมื่อใด,เมื่อราคาตลาด (Market Price) < มูลค่าที่แท้จริง (Intrinsic Value),276,340
1345138.txt,นายหน้าค้าตราสารหนี้ มีรายได้จากส่วนใด,"ค่านายหน้า, ค่าธรรมเนียม",2489,2512
1345136.txt,NP หมายถึงอะไร,กำลังรอข้อมูลที่บริษัทต้องรายงานต่อตลาด TBX,2200,2242
1345173.txt,ตราสารหนี้ภาครัฐ คืออะไร,"ตราสารหนี้ที่ออกโดยภาครัฐ (กระทรวงการคลัง, รัฐวิสาหกิจ, ธนาคารแห่งประเทศไทย) ซึ่งในทางทฤษฎีแล้วถือว่าเป็นตราสารที่ปราศจากความเสี่ยงในการผิดนัดชำระหนี้",2400,2549
1345187.txt,บัญชีเงินสดแบบมีหลักประกันเต็มจำนวน (Cash Balance) คืออะไร,บัญชีที่ผู้ลงทุนต้องโอนเงินเข้าบัญชีของ บล. ก่อน โดยลูกค้าจะซื้อหลักทรัพย์ได้ไม่เกินจำนวนเงินในบัญชีดังกล่าว และเมื่อมีการซื้อหลักทรัพย์จำนวนเงินในบัญชีก็จะถูกหักไปชำระค่าซื้อหลักทรัพย์ทันที (วันที่ T) ทั้งนี้เงินสดส่วนที่ยังไม่ได้ซื้อหลักทรัพย์นั้นจะถูกฝากไว้กับ บล. และจะได้รับดอกเบี้ยจาก บล. ด้วย,1934,2232
1345177.txt,DW มี Credit Risk หรือไม่,มี (เนื่องจากผู้ออกต้องหาหุ้นมาให้ หรือ ต้องชำระส่วนต่างราคา),1697,1757
1345154.txt,การลงทุนในทิศทางที่ตรงข้ามกับคนส่วนใหญ่เป็นกลยุทธ์การลงทุนแบบใด,การลงทุนแบบสวนตลาด (Contrarian Investing Strategy),2256,2305
1345193.txt,ลักษณะของกิจการเจ้าของคนเดียว คืออะไร,"*	เจ้าของคนเดียว
		*	ข้อดีคือ กฎระเบียบน้อย และไม่ต้องเสียภาษีนิติบุคคล
		*	ข้อเสียคือ เงินทุนจำกัด เนื่องจากมีเจ้าของเพียงคนเดียว
		*	เจ้าของรับผิดชอบในหนี้สินทั้งหมด
		*	ธุรกิจถือเป็นบุคคลธรรมดา",109,304
1345173.txt,Securitization คืออะไร,กระบวนการแปลงสินทรัพย์เป็นหลักทรัพย์ โดยหลักทรัพย์หรือตราสารหนี้ที่ได้จากกระบวนการนี้ เรียกว่า Asset-back Securities,9480,9595
1345158.txt,บริษัทที่ทำธุรกิจขายกองทุนรวม คืออะไร,บริษัทหลักทรัพย์จัดการกองทุน (บลจ.) โดย บลจ. ต้องได้รับใบอนุญาตการประกอบกิจการจากกระทรวงการคลัง,500,594
1345173.txt,ตราสารหนี้ชนิดทยอยคืนเงินต้น (Amortizing Bond) คืออะไร,ตราสารหนี้ที่ผู้กู้ชำระดอกเบี้ยพร้อมทยอยคืนเงินต้น,4806,4855
1345154.txt,การลงทุนแบบเน้นการเติบโต (Growth Investing) มีวิธีการลงทุนอย่างไร,"*	เน้นลงทุนในหุ้นที่มีแนวโน้มการเติบโตของกำไรสูง
	*	หุ้นที่ลงทุนมักมี PE, PB สูง และ Dividend Yield ต่ำ
	*	ผู้ลงทุนได้รับผลตอบแทนจากส่วนต่างของราคา (Capital Gain) เป็นหลัก",436,606
1345146.txt,ปัจจัยที่ส่งผลต่อผลตอบแทนด้านความสามารถในการชำระหนี้ คืออะไร,หากผู้ลงทุนคาดว่าผู้ออกตราสารมีความเสี่ยงมากขึ้นที่จะไม่สามารถชำระหนี้คืนได้ ผู้ลงทุนจะต้องการผลตอบแทนจากตราสารหนี้เพิ่มขึ้นเพื่อชดเชยความเสี่ยงดังกล่าว,898,1049
1345136.txt,ประโยชน์ของตลาดซื้อคืน คืออะไร,"*	ใช้ในกรณีที่ผู้ทำธุรกรรมต้องการเงินทุนเพื่อบริหารสภาพคล่องระยะสั้น
		*	ต้นทุนต่ำ เนื่องจากเป็นการกู้ระยะสั้นและมีพันธบัตรค้ำประกัน
		*	เป็นช่องทางการดำเนินนโยบายทางการเงินของธนาคารแห่งประเทศไทย เพื่อดูแลสภาพคล่องและอัตราดอกเบี้ยระยะสั้น ผ่านการกำหนดอัตราดอกเบี้ยซื้อคืนพันธบัตร 1 วัน (RP1 วัน)",8366,8660
1345140.txt,ก.ล.ต. ให้ข้อมูลอะไรบ้าง,"*	การออกและการเสนอขายหลักทรัพย์, หนังสือชี้ชวน, งบการเงิน",2056,2112
1345138.txt,ผู้ที่ออกพันธบัตรรัฐวิสาหกิจ คือผู้ใด,รัฐวิสาหกิจ,2157,2167
1345144.txt,สูตร Current Yield คืออะไร,"Current Yield = จำนวนดอกเบี้ยที่ได้รับต่อปี / ราคาปัจจุบัน
		โดย จำนวนดอกเบี้ยที่ได้รับต่อปี = อัตราดอกเบี้ยหน้าตั๋ว x มูลค่าหน้าตั๋ว",341,473
1345183.txt,14.30 – 16.30 น. มีรายละเอียดอย่างไร,Trading Session II ซื้อ-ขาย ช่วงบ่าย ตลาดเปิดซื้อขายช่วงบ่าย,640,699
1345181.txt,พัฒนาการของระบบการซื้อขายของตลาดหลักทรัพย์แห่งประเทศไทย เป็นอย่างไร,"*	30 เม.ย. 2518: ตลาดหลักทรัพย์แห่งประเทศไทยเปิดซื้อขายครั้งแรก โดยใช้ระบบการซื้อขายแบบประมูลอย่างเปิดเผยด้วยวิธีการเคาะกระดานในห้องค้าหลักทรัพย์
	*	31 พ.ค. 2534: ใช้ระบบ ASSET (Automatic System for the Stock Exchange of Thailand)
	*	ส.ค. 2551: ใช้ระบบ ARMS (Advanced Resilience Matching System)
	*	3 ก.ย. 2555: ใช้ระบบ SET CONNECT",108,438
1345177.txt,Warrant (ไทย) ส่งมอบ Physical อย่างไร,บริษัทออกหุ้นใหม่ (การออกหุ้นใหม่ ส่งผลให้เกิด Dilution effect ส่งผลลบต่อราคาหุ้น และ Warrant),1583,1676
1345160.txt,กองทุนรวมที่มีนโยบายขายคืนอัตโนมัติ แตกต่างจากนโยบายอื่นๆอย่างไร,"*	เมื่อมีการขายคืนอัตโนมัติ NAV per Unit จะไม่ลดลง แต่จำนวนหน่วยของผู้ลงทุนจะลดลง
		*	กองทุนไม่จำเป็นต้องมีกำไรหรือกำไรสะสม ก็สามารถขายคืนอัตโนมัติได้
		*	เงินที่ได้จากการขายคืนอัตโนมัติไม่ต้องชำระภาษี",5011,5211
1345191.txt,ตัวอย่างข้อมูลสถิติที่สำคัญของหลักทรัพย์ที่ถูกวิเคราะห์ มีอะไรบ้าง,"*	ธุรกิจพาณิชย์ ควรมีสถิติจำนวนสาขา, ยอดขายเฉลี่ยต่อสาขา
		*	ธุรกิจโรงแรม ควรมีแนวโน้มนักท่องเที่ยว, อัตราการเข้าพัก, รายได้ค่าเช่าเฉลี่ยต่อห้อง",1575,1718
1345173.txt,ตราสารหนี้ที่จ่ายดอกเบี้ยลอยตัว คืออะไร,ตราสารหนี้ที่ดอกเบี้ยสามารถปรับขึ้นลงได้ ตามอัตราดอกเบี้ยที่อ้างอิง,3374,3440
1345160.txt,กองทุนรวมตลาดเงิน (Money Market) คืออะไร,เป็นกองทุนที่เน้นลงทุนในตราสารหนี้ระยะสั้น และความน่าเชื่อถือสูง,12172,12235
1345177.txt,การได้มาของตราสารในครั้งแรกของ DW ได้มาอย่างไร,ได้จากผู้ออกด้วยวิธี Direct Listing (Direct Listing เป็นวิธีการซื้อขายโดยการนำ DW เข้าตลาดหลักทรัพย์ และซื้อขายในตลาดหลักทรัพย์ตั้งแต่ครั้งแรก (ไม่มีการจองซื้อก่อนเข้าตลาด)),2169,2341
1345177.txt,หากต้องการเก็งกำไรจากการซื้อจะขายเมื่อราคา Warrant เป็นอย่างไร,ปรับตัวสูงขึ้น,3004,3017
1345173.txt,ตราสารหนี้แบ่งตามวิธีจ่ายดอกเบี้ย มีอะไรบ้าง,"ตราสารหนี้ชนิดจ่ายดอกเบี้ยคงที่ (Fixed interest rate bond)
		ตราสารหนี้ชนิดจ่ายดอกเบี้ยลอยตัว (Floating interest rate bond)
		ตราสารหนี้ชนิดไม่จ่ายดอกเบี้ย (Zero Coupon Bond)",437,610
1345136.txt,กระบวนการซื้อขายในตลาดตราสารหนี้ มีอะไรบ้าง,"*	ผู้ลงทุนส่งคำสั่งซื้อ/ขาย ไปยังบริษัทหลักทรัพย์ (Broker)
		*	บริษัทหลักทรัพย์ส่งคำสั่งของผู้ลงทุน เข้าระบบของ TBX
		*	TBX จะยืนยันการจับคู่ให้กับบริษัทหลักทรัพย์ และส่งผลการจับคู่ไปยังสำนักงานหักบัญชี (TCH)
		*	สำนักงานหักบัญชีจะทำหน้าที่เป็นตัวแทนรับซื้อ/ขาย (Counter Party) ให้กับผู้ลงทุน แล้วจ่ายชำระราคา/ส่งมอบหลักทรัพย์ (จ่ายชำระราคา ให้กับผู้ขายตราสารหนี้ หรือ ส่งมอบหลักทรัพย์ให้ผู้ซื้อ) ไปยังบริษัทหลักทรัพย์
		*	บริษัทหลักทรัพย์จ่ายชำระราคา/ส่งมอบหลักทรัพย์ให้ผู้ลงทุน",466,944
1345150.txt,ปัจจัยสำคัญที่มีผลต่อมูลค่าของหุ้นมีอะไรบ้าง,"1.	มูลค่าสินทรัพย์สุทธิ เห็นได้ชัดจากการประเมินมูลค่าแบบ Asset Based Approach ที่มูลค่าสินทรัพย์สุทธิจะเป็นตัวกำหนดมูลค่าของหุ้น นอกจากนี้สินทรัพย์ (เช่น สินค้า, วัตถุดิบ, เครื่องจักร) ยังเป็นเครื่องมือในการสร้างรายได้ให้กิจการอีกด้วย
	2.	ความสามารถในการทำกำไร เป็นตัวกำหนดกระแสเงินสดของกิจการ ไม่ว่าจะเป็นเงินปันผลหรือกระแสเงินสดอิสระ
	3.	อัตราคิดลด คือ อัตราที่ผู้ลงทุนใช้ในการคิดลดกระแสเงินสดในอนาคต ให้อยู่ในรูปของมูลค่าปัจจุบัน โดยอัตราคิดลดที่สูงจะทำให้มูลค่าแท้จริงของหุ้นลดลง",4956,5438
1345160.txt,สิทธิทางภาษีของ LTF คืออะไร,"ลดหย่อนเงินได้ที่ใช้ในการคำนวณภาษี ได้เท่ากับมูลค่าเงินลงทุนจริง แต่ไม่เกิน 15% ของรายได้ใน
			แต่ละปี และไม่เกิน 500,000 บาท",14824,14948
1345177.txt,การได้มาของตราสารในครั้งแรกของ Warrant (ไทย) ได้มาอย่างไร,"- ให้ผู้ถือหุ้นเดิม (เช่น บริษัท AAA แจก Warrant ให้กับผู้ถือที่หุ้น AAA) โดยอาจแจกฟรีหรือขาย
			- ขายให้ผู้ลงทุนทั่วไป",2363,2481
1345150.txt,การประเมินมูลค่าแบบ Absolute Valuation คืออะไร,เป็นการประเมินมูลค่าจากสินทรัพย์หรือกระแสเงินสดของกิจการ,69,124
1345193.txt,ประเภทของหุ้นส่วนมีอะไรบ้าง,"1.	รับผิดชอบหนี้สินไม่จำกัด
			2.	รับผิดชอบหนี้สินจำกัด โดยรับผิดชอบหนี้สินไม่เกินเงินที่ลงทุนในห้างหุ้นส่วน",551,658
1345136.txt,การซื้อขายในตลาด TBX กำหนดราคาซื้อขายอย่างไร,ใช้ราคารวมดอกเบี้ยค้างรับ (dirty price/gross price) มีทศนิยม 2 ตำแหน่ง,1350,1419
1345136.txt,NR หมายถึงอะไร,บริษัทที่ขึ้น NP รายงานข้อมูลแล้ว,2268,2300
1345136.txt,ธุรกรรมซื้อขายปกติ คืออะไร,การซื้อขายตราสารหนี้ตามปกติ,6801,6827
1345173.txt,ตราสารหนี้ที่มีหลักทรัพย์ค้ำประกัน (Secured Bond) คืออะไร,ตราสารหนี้ที่ผู้ออกนำสินทรัพย์ มาค้ำประกันในการขอกู้ยืม ซึ่งในกรณีเกิดการผิดนัดชำระหนี้หรือผู้ออกตราสารล้มละลาย ผู้ลงทุนจะมีสิทธิในสินทรัพย์ที่นำมาค้ำประกัน,5299,5454
1345183.txt,10.00 – 12.30 น. มีรายละเอียดอย่างไร,Trading Session I (ซื้อ-ขาย ช่วงเช้า) ตลาดเปิดซื้อขายช่วงเช้า,317,377
1345201.txt,ความเสี่ยงจากการผิดนัดชำระหนี้ (Credit risk) คืออะไร,เกิดขึ้นเมื่อกองทุนลงทุนในตราสารหนี้ โดยความเสี่ยงนี้สามารถวัดได้ด้วย Credit Rating Score,399,487
1345140.txt,FITCH Rating (Thailand) ให้ข้อมูลใดบ้าง,ให้ข้อมูลและบทวิเคราะห์ความน่าเชื่อถือของตราสารหนี้และผู้ออกตราสารหนี้ รวมถึงข้อมูลต่างๆ ที่อาจมีผลกระทบต่อความสามารถในการชำระหนี้,2473,2602
1345158.txt,NAV แสดงให้เห็นอะไร,แสดงถึงขนาดของสินทรัพย์สุทธิของกองทุนรวมที่ผู้บริหารกองทุนบริหารจัดการอยู่,2591,2664
1345183.txt,ATO (at the open) คืออะไร,การส่งคำสั่งเสนอซื้อ/ขายที่ราคาเปิดตลาด ซึ่งเปรียบเสมือนการยินดีซื้อที่ราคาเปิดไม่ว่าราคาเปิดจะเป็นเท่าไรก็ตาม (หรือขายที่ราคาเปิดไม่ว่าราคาเปิดจะเป็นเท่าไรก็ตาม) โดยคำสั่งนี้จะใช้ได้ทั้งตอนก่อนเปิดตลาดเช้า และก่อนเปิดตลาดบ่าย,1352,1577
1345193.txt,ลักษณะของบริษัทจำกัดมหาชน คืออะไร,"*	เจ้าของ 15 คนขึ้นไป
		*	แบ่งทุนออกเป็นหุ้น ซึ่งแต่ละหุ้นมีราคาเท่ากัน และต้องชำระหุ้นเต็มมูลค่าตั้งแต่ครั้งแรก
		*	เสนอขายหุ้นกับประชนทั่วไป
		*	ต้องมีกรรมการ ≥ 5 คน และไม่น้อยกว่าครึ่งหนึ่งต้องมีที่อยู่ในไทย
		*	ข้อดีคือ หนี้สินแยกชัดเจนระหว่างกิจการกับตัวบุคคล, สามารถระดมทุนได้จากประชาชนทั่วไป
		*	ข้อเสียคือ กฎระเบียบเยอะ, มี ก.ล.ต. เข้ามากำกับดูแล",1114,1467
1345160.txt,การจ่ายเงินปันผล REITs ต้องจ่ายเท่าใด,≥90% ของกำไรสุทธิ,10370,10386
1345185.txt,XD คืออะไร,ผู้ซื้อหลักทรัพย์จะไม่มีสิทธิได้เงินปันผล,960,1000
1345185.txt,เกณฑ์การหยุดการซื้อขายชั่วคราว มีอะไรบ้าง,"*	การหยุดครั้งที่ 1 เมื่อ SET Index ลดลงถึง 10% โดยหยุดการซื้อขาย 30 นาที 
	*	การหยุดครั้งที่ 2 เมื่อ SET Index ลดลงถึง 20% (ลดลงอีก 10%) โดยหยุดการซื้อขาย1 ชั่วโมง",355,518
1345171.txt,อัตราการจ่ายดอกเบี้ย (Coupon Rate) คืออะไร,อัตราดอกเบี้ยที่ผู้ลงทุนจะได้รับ,301,332
1345156.txt,กลยุทธ์การเข้าซื้อและขาย มีกี่กลยุทธ์,3 กลยุทธ์,3131,3139
1345195.txt,สิทธิ์ของผู้ถือหุ้นบุริมสิทธิ มีอะไรบ้าง,"1)	มีฐานะเป็นเจ้าของกิจการ
		2)	ไม่มีสิทธิ์การออกเสียงในที่ประชุมผู้ถือหุ้น
		3)	ได้รับเงินปันผลในอัตราแน่นอน แต่อาจไม่ได้ทุกงวดหากบริษัทขาดทุน และผู้ถือหุ้นบุริมสิทธิจะได้รับปันผลก่อนผู้ถือหุ้นสามัญ  
		4)	กรณีบริษัทล้มละลายและต้องขายสินทรัพย์เพื่อชำระหนี้ บริษัทจะนำเงินไปจ่ายคืนให้ เจ้าหนี้ (ธนาคารและผู้ถือหุ้นกู้ของบริษัท) ผู้ถือหุ้นบุริสิทธิ และผู้ถือหุ้นสามัญ ตามลำดับ",4357,4731
1345150.txt,รูปแบบของกระแสเงินสด มีรูปแบบใดบ้าง,1. เงินปันผล 2. กระแสเงินสดอิสระของกิจการ 3. กระแสเงินสดอิสระของผู้ถือหุ้น,1930,2003
1345185.txt,H คืออะไร,หยุดการซื้อขายชั่วคราวไม่เกิน 1 รอบการซื้อขายของตลาด,1810,1861
1345160.txt,แบ่งประเภทกองทุนรวมตามลักษณะพิเศษ มีอะไรบ้าง,"1)	กองทุนรวมตลาดเงิน (Money Market)
		2)	กองทุนรวมคุ้มครองเงินต้น (Capital Protection Fund)
		3)	กองทุนรวมแบบมีหลักประกัน (Guarantee Fund)
		4)	กองทุนรวมหมวดอุตสาหกรรม (Sector Fund)
		5)	กองทุนรวมที่ลงทุนในกองทุนรวมอีกต่อหนึ่ง
		6)	กองทุนที่ได้สิทธิประโยชน์ทางภาษี
		7)	กองทุนรวมดัชนี (Index Fund)
		8)	กองทุนรวม ETF (Exchange Trade Fund)
		9)	กองทุนรวมที่กำหนดระยะเวลาลงทุน (Term Fund)
		10)	กองทุนทริกเกอร์ (Trigger Fund)
		11)	กองทุนรวมเพื่อผู้ลงทุนที่มิใช่รายย่อย",775,1241
1345136.txt,H หมายถึงอะไร,หยุดการซื้อขายชั่วคราวไม่เกิน 1 รอบการซื้อขายของตลาด,2314,2365
1345136.txt,วิธีการชำระราคาและส่งมอบหลักทรัพย์แบบ Net Clearing คืออะไร,เป็นการชำระราคาและส่งมอบตราสารหนี้ในอีก 2 วันทำการซื้อขาย (T+2) ซึ่งถือเป็นกรณีทั่วไป,2621,2705
1345177.txt,วัตถุประสงค์การออก DW คืออะไร,เป็นผลิตภัณฑ์ทางการเงิน,1927,1949
1345173.txt,ตราสารหนี้แบบไม่มีใบตราสาร (Scripless) มีลักษณะอย่างไร,ใช้วิธีการบันทึกข้อมูลในคอมฯ เมื่อมีการซื้อขายจึงไม่จำเป็นต้องมีการสลักหลังและการส่งมอบใบตราสารหนี้,3057,3155
1345160.txt,กองทุนทริกเกอร์ (Trigger Fund) คืออะไร,กองทุนรวมที่กำหนด ระยะเวลาลงทุนและเป้าหมายผลตอบแทนของการลงทุนไว้ชัดเจน เช่น เป้าหมายผลตอบแทน 10% ใน 1 ปี,24149,24252
1345188.txt,บทลงโทษตามความผิดของข้อบังคับของตลาดหลักทรัพย์ มีอะไรบ้าง,"*	ตลาดหลักทรัพย์ฯ จะลงโทษบริษัทสมาชิก และเจ้าหน้าที่ที่ส่งคำสั่งซื้อขายเท่านั้น ไม่สามารถลงโทษผู้ลงทุนได้
		*	คณะกรรมการที่ตลาดหลักทรัพย์แต่งตั้งขึ้นเป็นผู้พิจารณาบทลงโทษ
		*	บทลงโทษจะมีตั้งแต่ ภาคทัณฑ์, ปรับเงิน, พักการปฏิบัติงาน เป็นต้น",3976,4213
1345188.txt,การกำกับดูแลการซื้อขายที่ดีส่งผลต่อผู้ลงทุนอย่างไร,"*	ทำให้ผู้ลงทุนนำเงินมาลงทุนในตลาดหลักทรัพย์มากขึ้น
		*	ผู้ลงทุนมีโอกาสได้รับผลตอบแทนจากการลงทุน",4747,4842
1345160.txt,แบ่งประเภทกองทุรรวมตามลักษณะการขายคืนหน่วยลงทุน มีอะไรบ้าง,"1)	กองทุนเปิด
		2)	กองทุนปิด",232,259
1345138.txt,ใครคือผู้ออกพันธบัตรธนาคารแห่งประเทศไทย,ธนาคารแห่งประเทศไทย,2099,2117
1345173.txt,ตราสารหนี้จากการแปลงสินทรัพย์เป็นหลักทรัพย์ (Securitization) คืออะไร,การนำสินทรัพย์ที่สามารถสร้างกระแสเงินสดในอนาคต (เช่น ลูกหนี้) มาแปลงเป็นหลักทรัพย์และจำหน่ายให้กับผู้ลงทุน และการที่ตราสารหนี้นี้มีสินทรัพย์มารองรับ (Asset-back Securities: ABS) ทำให้ผู้ลงทุนเปรียบเสมือนเป็นเจ้าของสินทรัพย์นั้น จึงได้รับผลตอบแทนจากกระแสเงินสดของสินทรัพย์ดังกล่าว,9602,9880
1345171.txt,ชื่อผู้ออก (Issuer) คืออะไร,ชื่อของผู้ออกตราสารหนี้ ซึ่งคือผู้ขอกู้นั่นเอง,670,715
1345171.txt,SB คืออะไร,Saving Bond พันธบัตรออมทรัพย์,1414,1442
1345201.txt,ระดับดังนี้ความเสี่ยงจากการกระจุกตัว มีระดับใดบ้าง,"*	ระดับสินทรัพย์ การลงทุนในสินทรัพย์เดียวจะมีความกระจุกตัวมากกว่าหลายสินทรัพย์
		*	ระดับกลุ่มอุตสาหกรรม การลงทุนในอุตสาหกรรมเดียวจะมีความกระจุกตัวมากกว่าหลายอุตสาหกรรม
		*	ระดับหลักทรัพย์ การลงทุนในหลักทรัพย์เดียว (เช่น ลงทุนในหุ้นตัวเดียว) จะมีความกระจุกตัวมากกว่าหลายหลักทรัพย์
		โดยกองทุนที่มีความเสี่ยงของการกระจุกตัวสูง มักจะทำให้มี Market risk สูงไปด้วย",582,940
1345177.txt,ประเภทของสิทธิของ Warrant (ไทย) คืออะไร,Call,1169,1172
1345156.txt,การทำ Portfolio Rebalancing มีกี่รูปแบบ ,2 รูปแบบ,2437,2444
1345148.txt,ผู้ลงทุนสามารถตัดสินใจขายเมื่อใด,เมื่อราคาตลาด (Market Price) > มูลค่าที่แท้จริง (Intrinsic Value),438,502
1345193.txt,ลักษณะของห้างหุ้นส่วนจำกัด คืออะไร,"*	เจ้าของ 2 คนขึ้นไป
		*	หุ้นส่วนมี 2 ประเภท คือ
			1.	รับผิดชอบหนี้สินไม่จำกัด
			2.	รับผิดชอบหนี้สินจำกัด โดยรับผิดชอบหนี้สินไม่เกินเงินที่ลงทุนในห้างหุ้นส่วน
		*	ต้องจดทะเบียนเป็นนิติบุคคล",499,689
1345160.txt,RMF มีนโยบายการลงทุน อย่างไร,เป็นกองทุนที่ลงทุนในสินทรัพย์ใดก็ได้,16030,16065
1345140.txt,สมาคมตลาดตราสารหนี้ไทย ให้ข้อมูลอะไรบ้าง,"*	ข้อมูลตลาดตราสารหนี้ทั้งตลาดแรกและตลาดรอง
	*	ข้อมูลการซื้อขายของตลาด OTC
	*	ข้อมูลเกี่ยวกับผู้ออกตราสารหนี้",2143,2251
1345160.txt,Lease hold คืออะไร,การที่กองทุนเช่าอสังหาฯ ระยะยาว เช่น 20 ปี แล้วนำมาปล่อยเช่าอีกต่อหนึ่ง เมื่อครบกำหนดสัญญาเช่า (กรณีกองทุนกำหนดอายุโครงการ อายุของโครงการมักหมดพร้อมสัญญาเช่า) กองทุนจะต้องคืนอสังหาฯ ให้เจ้าของ,8397,8588
1345173.txt,ราคาหุ้นสามัญเพิ่มขึ้น ส่งผลอย่างไรกับราคาหุ้นกู้แปลงสภาพ,หุ้นกู้แปลงสภาพจะเพิ่มขึ้นตามเพราะจะได้กำไรมากขึ้นเมื่อแปลงสภาพเป็นหุ้นสามัญ,7271,7346
1345197.txt,ความเสี่ยงทางการเงิน (Financial Risk) คืออะไร,ความเสี่ยงจากโครงสร้างการเงินของบริษัท (โครงสร้างทางการเงินของบริษัท หมายถึงแหล่งที่มาของเงินทุนในการทำธุรกิจ ซึ่งโดยทั่วไปจะมาจาก 2 แหล่งคือ 1. เงินทุนเจ้าของและกำไรสะสม 2. การกู้ยืม) กล่าวคือ การที่บริษัทมีหนี้สินมากก็จะมีความเสี่ยงทางการเงินมาก,478,724
1345185.txt,เกณฑ์การขึ้นเครื่องหมาย H มีอะไรบ้าง,"*	บริษัทมีข้อมูลสำคัญที่ยังไม่รายงานตลาดหลักทรัพย ซึ่งข้อมูลดังกล่าวอาจมีผลกระทบกับผู้ถือหุ้นรวมทั้งการตัดสินใจลงทุน
			*	หลักทรัพย์มีภาวการณ์ซื้อขายที่น่าสงสัยว่ามีผู้ลงทุนบางกลุ่มทราบข้อมูลสำคัญ
			*	บริษัทร้องขอให้ตลาดหยุดการซื้อขายชั่วคราว เพื่อรอให้บริษัทเปิดเผยข้อมูลสำคัญ
			*	เหตุอื่นๆ ที่อาจมีผลกระทบรุนแรงต่อหลักทรัพย์",2373,2700
1345177.txt,Warrant (ไทย) มี Credit Risk หรือไม่,ไม่มี (เนื่องจากหุ้นที่ให้ บริษัทสามารถออกหุ้นเพิ่มเองได้),1776,1833
1345187.txt,ประเภทของบัญชีซื้อขาย มีกี่ประเภท,2 ประเภท,1512,1519
1345136.txt,ตลาดซื้อคืนตราสารหนี้ คืออะไร,ตลาดรองสำหรับการทำธุรกรรมซื้อคืน,7957,7988
1345136.txt,ตลาดตราสารหนี้ในไทย แบ่งออกเป็นอะไรบ้าง,ตลาดแรกและตลาดรอง,74,90
1345191.txt,งบการเงินที่สำคัญมีอะไรบ้าง,"1)	งบกำไรขาดทุน
		2)	งบแสดงฐานะทางการเงิน (งบดุล)
		3)	งบกระแสเงินสด",1355,1422
1345191.txt,Web-based application แยกย่อยได้กี่ประเภท,3 ประเภท,719,726
1345177.txt,DW ส่งมอบ Physical อย่างไร,ใช้หุ้นเดิมในตลาด,1548,1564
1345160.txt,REITs ต้องลงทุนในอสังหาฯ ที่มีมูลค่าเท่าใด,≥500 ล้านบาท,9428,9439
1345158.txt,บริหารแบบเชิงรับ มีเป้าหมายการลงทุนอย่างไร,สร้างผลตอบแทนใกล้เคียงตลาด,6288,6313
1345136.txt,การซื้อขายแบบ OTC สามารถแบ่งตามเกณฑ์คู่ค้าได้กี่ประเภท,2 ประเภท,5221,5228
1345138.txt,ผู้แทนผู้ถือหุ้นกู้ ทำหน้าที่อะไร,ทำหน้าที่ดูแลผลประโยชน์ให้ผู้ถือหุ้นกู้,3535,3573
1345173.txt,ตราสารหนี้มีการค้ำประกัน (Guaranteed Bond) คืออะไร,ตราสารหนี้ที่มีการค้ำประกันโดยบุคคลที่สาม ซึ่งผู้ค้ำประกันจะเป็นผู้ชำระหนี้ทั้งดอกเบี้ยและเงินต้นแทนให้ กรณีที่มีการผิดนัดชำระหนี้,5567,5696
1345177.txt,การประเมินมูลค่าของ Warrant (ไทย) มีอะไรบ้าง,เหมือน Call DW,2640,2653
1345197.txt,ความเสี่ยงจากปัจจัยมหภาค (Macro Factor) คืออะไร,"ความเสี่ยงที่เกิดจากปัจจัยภายนอกของธุรกิจ เช่น ความมั่นคงทางการเมืองและนโยบายทางการเมือง, อัตราเงินเฟ้อ, อัตราดอกเบี้ย",774,891
1345138.txt,ผู้ลงทุนรายย่อย คืออะไร,บุคคลธรรมดา หรือ นิติบุคคลที่มีเงินลงทุนในหลักทรัพย์ต่ำกว่าเกณฑ์,137,200
1345136.txt,เกณฑ์การรับจดทะเบียนตราสารหนี้ในตลาด TBX มีอะไรบ้าง,"*	มูลค่าเสนอขายตราสารหนี้ ≥100 ล้านบาท
			*	ได้รับอนุญาตจากหน่วยงานกำกับดูแลให้สามารถออกตราสารหนี้ได้",3712,3812
1345173.txt,ตราสารหนี้ระยะสั้น คืออะไร,ตราสารหนี้ที่อายุ ≤1 ปี,1557,1579
1345187.txt,ข้อความที่ต้องเน้นให้เด่นชัดในสัญญาที่บริษัทหลักทรัพย์ทำกับลูกค้า มีอะไรบ้าง,"1)	ความเสี่ยงของการลงทุนที่อาจทำให้ลูกค้าขาดทุน
		2)	สิ่งที่ บล. อาจบังคับลูกค้า เช่น
			*	ให้วางหรือเพิ่มหลักประกัน (มักเกิดในกรณีที่ผู้ลงทุนในสัญญาซื้อขายล่วงหน้า : Futures)
			*	การบังคับขาย (Forced Sale) และการบังคับซื้อคืนหลักทรัพย์
			*	การระงับเงินที่ลูกค้ามีสิทธิได้รับจากหลักทรัพย์ เพื่อนำมาชำระหนี้ของลูกค้า
			*	บล. สามารถเลิกสัญญาได้ แต่ต้องรับผิดชอบลูกค้าจากความผิดพลาดของ บล. หรือ พนักงานของ บล.
		3)	การซื้อหลักทรัพย์ให้ลูกค้า ต้องเป็นตามลำดับก่อนหลัง และเงื่อนไขการซื้อขาย",940,1427
1345177.txt,การส่งมอบ DW คือวิธีใด,"Physical, Cash Settlement (ไทย)",1463,1493
1345136.txt,XP หมายถึงอะไร,ผู้ซื้อหลักทรัพย์จะไม่มีสิทธิได้รับเงินต้นของงวดนั้น,2124,2175
1345138.txt,การรับประกันการจัดจำหน่าย คืออะไร,ผู้จัดจำหน่ายการันตีว่า จะจัดจำหน่ายตราสารหนี้ได้ทั้งหมดในราคา IPO หากไม่สามารถทำได้ผู้จัดจำหน่ายจะรับซื้อหลักทรัพย์ส่วนที่เหลือในราคา IPO,2886,3023
1345144.txt,อัตราผลตอบแทนถึงวันไถ่ถอนก่อนกำหนดจากผู้ลงทุน คืออะไร,อัตราผลตอบแทนที่ผู้ลงทุนจะได้รับหากซื้อตราสารหนี้และถือจนถึงวันที่ผู้ลงทุนใช้สิทธิขายตราสารหนี้คืนให้ผู้ออกตราสาร,2930,3042
1345160.txt,การแบ่งกลุ่มผู้ลงทุนที่มิใช่รายย่อย (Accredited Investor: AI) มีอะไรบ้าง,"-	ผู้ลงทุนสถาบัน ตามนิยามของ ก.ล.ต.
			-	ผู้ลงทุนรายใหญ่ (High Net Worth)",25664,25736
1345146.txt,กรณีที่ต่างประเทศเข้ามาลงทุนในตราสารหนี้ไทยเพิ่มขึ้น จะส่งผลอย่างไร,ส่งผลให้อัตราผลตอบแทนจากตราสารหนี้ลดลง,1390,1427
1345188.txt,การติดตามและตรวจสอบการซื้อขายมีกี่ลักษณะ,2 ลักษณะ,1605,1612
1345144.txt,Par Bond คืออะไร,Current Yield = Coupon Rate ราคาตราสารหนี้เท่ากับราคาหน้าตั๋ว,1089,1149
1345158.txt,กองทุนรวม คืออะไร,เครื่องมือการลงทุนทางอ้อมของผู้ลงทุน ที่มีหน้าที่นำเงินลงทุนจากผู้ลงทุนหลายๆ คน ไปลงทุนในสินทรัพย์ประเภทต่างๆ ตามที่กำหนดในนโยบายการลงทุน,98,234
1345195.txt,Mid-cap Stock คืออะไร,"หุ้นที่มีมูลค่าตลาด 2,000 – 10,000 ล้านดอลลาร์",3764,3809
1345160.txt,เงื่อนไขในการลงทุน ของ LTF คืออะไร,"สำหรับผู้ที่ลงทุนก่อนปี 2559 ต้องถือครองกองทุน ≥5 ปีปฏิทิน
			สำหรับผู้ที่ลงทุนตั้งแต่ปี 2559 ต้องถือครองกองทุน ≥7 ปีปฏิทิน
			ไม่ต้องลงทุนทุกปี (ลดหย่อนภาษีได้เฉพาะปีที่ลงทุน)
			ไม่มีกำหนดมูลค่าเงินขั้นต่ำในการลงทุน
			ไม่สามารถนำหน่วยลงทุนไปโอน จำนำ หรือค้ำประกัน",15162,15427
1345177.txt,DW ต้องมีผู้ดูแลสภาพคล่องหรือไม่,ต้องมี ≥ 1 ราย,1859,1872
1345173.txt,ตราสารหนี้ที่ผู้ออกมีสิทธิไถ่ถอนคืนก่อนครบกำหนด (Callable Bond) คืออะไร,ตราสารหนี้ที่ให้สิทธิกับผู้ออกตราสารในการไถ่ถอนตราสารหนี้คืนก่อนครบกำหนดสัญญา ซึ่งโดยทั่วไปราคาไถ่ถอนก่อนกำหนด (Call Price) นี้จะสูงกว่ามูลค่าหน้าตั๋ว (Par Value) เพื่อไม่ได้ผู้ลงทุนเสียประโยชน์ โดยผู้ออกตราสารมักใช้สิทธิในการไถ่ถอนคืนก่อนกำหนดเมื่ออัตราดอกเบี้ยในตลาดปรับตัวลดลง (เพื่อ Refinance => โดยไถ่ถอนคืนตราสารหนี้ตัวเก่า และไปออกตราสารหนี้ตัวใหม่ที่จ่ายดอกเบี้ยต่ำลง) และเนื่องจาก Callable Bond ให้สิทธิกับผู้ออกตราสาร ดังนั้นจึงมีดอกเบี้ยสูงกว่าหุ้นกู้ที่ไม่มีสิทธิแฝง,5948,6425
1345173.txt,ตราสารหนี้แบบมีใบตราสาร (Scrip) มีลักษณะอย่างไร,เมื่อมีการซื้อขายต้องนำใบตราสารหนี้ไปสลักหลังเพื่อโอนกรรมสิทธิความเป็นเจ้าของ แล้วส่งมอบใบตราสารหนี้,2911,3010
1345160.txt,ซื้อขายกองทุนเปิดเมื่อ IPO ผ่านช่องทางใด,ผ่าน บลจ. / ตัวแทนขาย,1450,1470
1345169.txt,ตราสารหนี้ คืออะไร,เปรียบเสมือนสัญญาการกู้ยืม โดยผู้ลงทุนในตราสารหนี้คือผู้ให้กู้ มีสถานะเป็นเจ้าหนี้ ได้รับผลตอบแทนเป็นดอกเบี้ยและได้รับเงินต้นคืนเมื่อครบกำหนดการกู้ยืม ส่วนผู้ออกตราสารเป็นผู้กู้ มีสถานะเป็นลูกหนี้ ทั้งนี้ผู้ออกตราสารอาจเป็นได้ทั้งรัฐบาลและบริษัทเอกชน,113,362
1345140.txt,สำนักงานพัฒนาเศรษฐกิจและสังคมแห่งชาติ (สภาพัฒน์) ให้ข้อมูลอะไรบ้าง,*	ให้ข้อมูลแผนพัฒนาและสถิติด้านเศรษฐกิจและสังคม,1527,1573
1345140.txt,สรุปข้อมูลสำคัญของตราสาร คืออะไร,ส่วนสรุปเกี่ยวกับการเสนอขาย ลักษณะและความเสี่ยงของตราสารและของบริษัทที่ออกและเสนอขาย ซึ่งเนื้อหาส่วนนี้แต่ละบริษัทจะให้ข้อมูลและจัดรูปแบบ (format) ตามมาตรฐานเดียวกัน,176,340
1345173.txt,ตราสารหนี้แบ่งตามการค้ำประกัน มีอะไรบ้าง,"ตราสารหนี้ที่มีหลักทรัพย์ค้ำประกัน (Secured Bond)
		ตราสารหนี้ไม่มีหลักทรัพย์ค้ำประกัน (Unsecured Bond)
		ตราสารหนี้มีการค้ำประกัน (Guaranteed Bond)",861,1008
1345171.txt,TB คืออะไร,Treasury Bill ตั๋วเงินคลัง,1737,1762
1345136.txt,กลุ่มตราสารหนี้ในตลาด TBX มีอะไรบ้าง,"1)	พันธบัตรรัฐบาล
		2)	พันธบัตรรัฐวิสาหกิจ
		3)	ตราสารหนี้ที่ออกโดยภาคเอกชน",4919,4993
1345179.txt,NVDR คืออะไร,เป็นใบแสดงสิทธิในผลประโยชน์ที่เกิดจากหลักทรัพย์อ้างอิงไทย เพื่อให้ชาวต่างชาติสามารถเข้ามาลงทุนในหุ้นโดยไม่มีกำหนดเพดานสัดส่วนการถือครอง โดยผู้ถือ NVDR จะไม่มีสิทธิออกเสียงในที่ประชุม (Voting Rights) ทำให้ไม่มีอำนาจควบคุมธุรกิจ แต่จะยังมีสิทธิอื่นๆ,339,585
1345154.txt,การเลือกหมวดธุรกิจ (Sector Strategy) มีวิธีการเลือกอย่างไร,"*	เน้นลงทุนในหมวดธุรกิจที่เชื่อว่าจะมีการเติบโตที่ดีกว่าอุตสาหกรรมอื่นๆ
	*	การลงทุนจะมีการกระจุกตัวในหมวดธุรกิจใดธุรกิจหนึ่งสูง (การกระจายความเสี่ยงต่ำ)",1421,1572
1345144.txt,การคำนวณ YTP และ YTC แต่มีจุดต่างคืออะไร,แทนที่จะใช้ราคาไถ่ถอนก่อนกำหนด (Call Price) การหา YTP จะใช้ราคาเรียกคืนเงินกู้ก่อนครบกำหนด (Put Price),3162,3263
1345142.txt,ซื้อตราสารหนี้ เมื่อใด,ซื้อ เมื่อราคาที่เหมาะสม > ราคาที่ซื้อขายในปัจจุบัน (ราคาตลาด),212,273
1345160.txt,Trustee คืออะไร,ผู้ถือกรรมสิทธิของกองทรัสต์ และมีหน้าที่กำกับดูแลการปฏิบัติหน้าที่ของ REIT Manager รวมถึงเป็นรักษาทรัพย์สินของกองทรัสต์,9796,9914
1345156.txt,หลักการ TAA คืออะไร,ถ้าคาดว่าสินทรัพย์ใดจะให้ผลตอบแทนที่ดีในอนาคต ก็จะลงทุนในสินทรัพย์นั้นเพิ่มเติมจากที่กำหนดใน SAA แต่อย่างไรก็ตาม การเพิ่มการลงทุนนั้นจะไม่แตกต่างจาก SAA มากเกินไป,1688,1849
1345136.txt,XI หมายถึงอะไร,ผู้ซื้อหลักทรัพย์จะไม่มีสิทธิได้รับดอกเบี้ยของงวดนั้น,2049,2101
1345160.txt,กองทุนรวมตราสารหนี้ระยะยาว (Long-Term Fixed-Income Fund) คืออะไร,ลงทุนในตราสารหนี้ที่มีอายุเฉลี่ยของตราสารหนี้ถ่วงน้ำหนักด้วยกระแสเงินสดของพอร์ตการลงทุน (Portfolio Duration) >1 ปี ทำให้กองทุนมีความเสี่ยงด้านการผันผวนของราคาสูง (Price Risk) ดังนั้นกองทุนจะทำผลตอบแทนได้ที่ในภาวะดอกเบี้ยขาลง และไม่ดีในภาวะดอกเบี้ยขาขึ้น,5707,5959
1345146.txt,อัตราดอกเบี้ยนโยบายเปลี่ยนแปลง จะส่งผลอย่างไร,"อัตราดอกเบี้ยต่างๆในตลาดไม่ว่าจะเป็น เงินฝาก, เงินกู้, พันธบัตร, หุ้นกู้ จะเปลี่ยนแปลงตามไปในทิศทางเดียวกันด้วย โดยอัตราดอกเบี้ยนโยบายจะมีความสัมพันธ์กับดอกเบี้ยระยะสั้น (เช่น เงินฝากระยะสั้น,หุ้นกู้ระยะสั้น) มากกว่าดอกเบี้ยระยะยาว",474,704
1345154.txt,การลงทุนที่เน้นลงทุนในหุ้นที่มีแนวโน้มการเติบโตของกำไรสูง เป็นกลยุทธ์การลงทุนแบบใด,การลงทุนแบบเน้นการเติบโต (Growth Investing),391,433
1345160.txt,กองทุนที่ได้สิทธิประโยชน์ทางภาษี คืออะไร,กองทุนรวมที่ให้สิทธิประโยชน์ทางภาษีกับผู้ลงทุนประเภทบุคคลธรรมดา,14289,14351
1345187.txt,บัญชีเงินสดปกติ (Normal Cash) คืออะไร,บัญชีที่จะเก็บเงินค่าซื้อหลักทรัพย์เป็นเงินสดเต็มจำนวนจากลูกค้าในวันที่ T+2 โดยจะมีการกำหนดวงเงินที่ลูกค้าสามารถซื้อได้ในแต่ละวัน ซึ่งพิจารณาวงเงินจากข้อมูลฐานะการเงินของลูกค้า,1697,1872
